,Keratinocyte_Cornified,Keratinocyte_Granular,Keratinocyte_Spinous,Keratinocyte_Basal,Melanocyte,Fibroblast_Papillary,Fibroblast_Reticular,Endothelial,Pericyte,Sebocyte,Sweat_Eccrine,Sweat_Apocrine,Hair,Hair_Unused,Adipocyte,Langerhans,Macrophage,T_Cell,Mast_Cell,Sensory_Corpuscle
Gene 0,6.555434563589597,2.830998159812485,1.150255700221278,0.5604485158632095,0.09224779345011902,1.2718996676342273,0.0025624446837221185,0.0,0.0054047721274021795,0.14230576573297188,0.17270803819786823,0.538410726526653,1.23959259732154,0.0,0.03822148031847173,1.3862247597983457,0.004812875446864101,0.035536022991122684,0.0,0.14310223143039
Gene 1,2.7286198033101323,2.133444809653251,0.9919401319188783,0.15383270644609326,0.16217391401099618,0.06473784497217952,0.37043293892688706,0.9371222492513319,0.03185254463361751,0.013764776382056603,0.5964317771356491,0.026972502577813074,0.37290834779294674,0.09143070422824595,0.049575679697673854,0.03427901018559233,0.0002399683088190702,0.0561597704025787,0.0030088006672677227,0.46844202230371723
Gene 2,3.0257548310214197,1.017101245012548,0.0007122949004829042,1.9092553899485605,0.44916306103175757,0.509750082623268,0.0008726134137793559,0.0,0.4091515838234348,0.6064486431334452,2.0364360410850577,0.0019815744327372413,0.002141677557347464,0.7410023398924809,0.1599005839725955,1.6281282242346546,0.5985395698274122,0.7565887282999383,0.0012143173656131124,0.2451487827537821
Gene 3,6.296335795094093,0.20240273725971072,0.0020147040885196295,0.03710705100693507,0.0003738578722840805,0.19805114528600704,0.00018985846487139992,0.3541327021425339,0.08264373578466472,1.8166704996166099,0.001960392193545901,0.03218153277204777,0.014755859678652497,0.003981837951130264,0.0015777912249999725,0.23804649841837552,0.8910368268332797,1.0158782415459096,0.00014678030338484088,4.2343586886869
Gene 4,2.4651964374363975,0.6790126716422503,0.9653515715261677,0.032620052968277094,0.0015404013313242257,1.3281816541990044,2.393582125175033,1.5665434823345055,0.42252306305996384,0.0011715519946312331,0.10595374825403296,0.017265721622849842,0.0009599741215598754,1.2131375842422147,0.43649242336234184,0.06598328374691671,1.0172863606645175,0.06783776033263109,1.372929775746219,0.051487894889718444
Gene 5,6.542395685311707,0.04205755114440811,0.10923036494836848,0.008202135052276946,0.4044665854230289,0.7107115454498766,0.00021936917360487702,0.3393566801400326,0.10120382190804468,0.16849395328506026,0.0,3.468223168212385,0.48546040625270753,0.010153392893003124,0.01747075867766681,2.3587249551072214,0.0004463626314203388,2.1261232881179493,0.1846891127654077,1.4001742035395024
Gene 6,4.482790906863034,0.0005109756716450218,0.28135891045172684,0.09425205233151014,0.007836401730191078,0.01053456420706838,2.253740998782867,0.5739461839723743,2.5559278361855067,0.873962915489249,0.004544693866366886,0.32983298113287834,0.00031507259804499195,0.8631313334043729,0.0008001276301354611,2.2751547455629137,1.5116252767350375,0.12831668397320045,0.22598482637673434,0.002240373162881761
Gene 7,5.315922020195076,0.7123419801767796,1.2134143026414972,0.0,0.13508544953422574,0.12453267863459287,0.0006441431601896488,0.00014602398118329516,0.24164311199219185,1.0748226461019015,0.2931247754823788,1.3309743438535675,0.14294306591005168,0.026087114554939703,0.00044608818929027966,1.2009141417940514,0.054392964141939934,0.896691016719886,0.21749692904039022,0.17411836987918997
Gene 8,0.14347052129097038,2.5138110617410097,0.005611992721907164,0.0,0.017835827219117088,2.337922143728834,0.6164674833954266,1.8745654057667567,0.0067326704771152645,0.09243836332769662,0.0,1.9220686920549737,0.206100679892669,0.1531862388904464,0.09386388387652954,0.45015823618363054,1.6314015441920235,0.013697202391379781,0.8472630282311515,0.7172339582470207
Gene 9,0.8707066639960283,4.71169189699808,1.0145189725092114,0.002276418714192063,9.254548086130747e-05,0.04222768751813246,0.22051424759452992,0.233198910254857,0.0017397172170771332,0.0004926981582311124,0.2347018046380271,0.017037922899296228,0.12607559149958852,0.0023452187665548253,0.0,3.649761877823071,0.12250110638396665,0.01136881242064787,0.11663301429465112,0.017825713454179853
Gene 10,0.09708781642194451,4.227621711627279,0.18526513971642117,0.009190600321999158,0.03496549551779209,0.0011974442278711499,0.6436009445676897,0.03191013983169669,0.07834475831159604,0.021209933888486885,0.44825008589246684,0.0007855108020276832,0.28499210153543864,0.370538192123451,0.0012297064405050156,0.33120945690926873,4.131371578926894,1.7947679315026732,0.14925862373755497,0.11418910946596005
Gene 11,0.015619214133839885,3.7346260437952887,0.11776234387612504,0.05868991998091753,1.9586645576162487,0.6789346930425016,0.0026294197121681973,2.020300551813721,0.5777492157672967,0.09555959191996213,0.21190078847121618,0.004407180353184219,1.00401379354401,0.9492707732830123,1.0977906095503018,0.05245539721096453,0.18565284941503613,0.057871896463616,0.011925844533323047,0.0008157917635985316
Gene 12,0.13769971265518288,2.696325691483316,0.015517563696378493,0.7612786415621381,0.0014833846493661484,0.045362004593456705,0.6547202652704582,0.05870570212027095,0.03882088199955748,0.0021369207355506838,0.0006863293203967181,0.8956209284524203,0.004785344095429082,0.0004807011618646802,2.207960916479499,0.07998890128978335,1.4728538791277848,0.0,0.8766705065424744,0.2847951791889902
Gene 13,0.11499393962877799,4.248454266288033,0.008127665598593898,2.724641468936146,1.7256507746585095,0.011079087521618227,0.22004938042537578,0.0,0.1358273423196044,0.015448697852222333,0.07681473288985019,1.7550844292279566,1.7389857246439686,0.0002880338214580422,0.0,0.0,1.3312866396445464,0.07104606753851675,0.7760905325124837,0.21578124211176386
Gene 14,0.056078737955155736,4.481914755810947,0.0,0.7319685577535576,0.0386566027631445,0.00014485113241722862,0.006404878280865688,0.0008499239178743443,0.0037480149859398263,1.4241274010252005,0.013019383844757659,2.187252519749718,0.010096365442967855,0.5640845551955177,0.0065992591672529135,2.2934239419124447,0.0011125186455658437,0.13119141823820119,0.00012077160559979023,0.00048467032053863245
Gene 15,1.9285203951647085,4.025801060888815,0.001143692449582786,0.0,0.0,0.039841230840210774,0.0,0.012140288905677785,0.0009604561766630759,0.0001088027375158437,0.0,0.01350961728112233,1.5370041564625612,1.0383807333389332,0.7206154358610359,0.4257810179168775,0.10405822127450633,1.0463906029960313,0.7274297620261464,0.001328253257834546
Gene 16,0.05137537523207092,4.757858762965644,0.23017739415628635,0.0735565115937652,0.0250471598633703,0.15210213731983283,1.1290930038860476,0.07444737047085184,0.09625346522652954,2.7182066775167764,0.08808753530809561,0.13558204625344414,0.005540972574502898,0.54142302050056,0.039582718850836994,1.9487750957234753,0.039494925061334486,0.0002513220090345557,0.37470468488010644,0.027676066101650357
Gene 17,0.0534265807405203,0.00026433604886522653,5.118861107694838,0.6815979404285829,1.2496468823466453,1.5704378200717815,0.08726296579523755,0.5340255856559085,0.11540345681465795,0.0,0.4997438455648294,0.0011310566899671354,1.9607960907798483,0.025502616709701175,0.3028507884188912,1.4175834924141328,0.7375987102073169,1.1293746478739126,0.005390905501989178,0.9761715497989772
Gene 18,0.0012634096549354796,0.9696585701929733,2.437770831476692,0.0007518598568996137,0.09185621156583432,0.005332691803505115,0.8611917371080565,0.5200279984716935,0.452362189096472,0.2691976151674138,0.00032628208255886687,0.002033135870367454,0.3184944584388152,0.9076600408070731,0.5657637233948712,0.006959162938661793,0.007051266019469524,1.5621499797664178,2.4262595733365435,0.00045751612895246854
Gene 19,0.048741378556249375,0.025703570090659576,4.302525331616552,0.8977771619347127,8.95488224175179e-05,0.014800803791826581,0.5270226459467504,0.0,0.8318725076267401,0.0,0.00010062120933972157,2.36826330219592,0.0,0.0047358880202052105,0.62706810554057,1.3968292487871932,0.046497714899462826,0.21378691426873145,0.00021094652749017225,0.001269828954257326
Gene 20,0.40677305142141296,0.09089860010319703,7.232958957880109,0.6103869117252652,0.0033635251981301677,0.48920186956683437,0.00022279812894337195,0.3773898258705453,0.7576820813989051,0.03254384432911761,0.6053633504381177,0.0,0.008566833841494174,0.00016112656847289182,2.88206311128178,0.5211761414862732,0.010880153211296649,0.2001569923508452,3.2661302319774195,0.007603676410641204
Gene 21,0.01568925380405117,1.8110141194321225,3.2049355573886973,0.16368645630123732,0.6216323117171675,1.7394980366437884,0.022113078553487642,2.6443166397662137,1.8949275700017911,0.05095217393311093,0.00038224820750338,0.005324187111642013,0.3191347696037522,0.10632231345360478,0.0025124467107706604,0.025384997652160974,0.03585515801518863,0.6442017133006062,0.2689902392980945,0.006833903244123988
Gene 22,0.0002991227259718422,0.008569677716072406,3.8915434213383606,0.3391072666500752,0.3115492770783405,0.5634574481159426,0.02182087909747337,0.0701241698155604,2.046995783075297,0.00012200377211862834,0.006308749361811106,0.003964155988125763,0.3457545992257189,0.004166120128979547,0.19500013980331707,0.586971610376343,3.7672642367881455,0.5637015826616617,1.5817129039952849,0.2705310539273598
Gene 23,0.3566194701430059,0.04141995902426901,0.0012355295098883609,4.621533851306574,0.47737962010030677,0.0005263096230378317,0.0,0.0012009502083420638,0.034369824101148,0.0,1.0853706860016368,0.00460338092842206,2.6012054090632506,1.1626431098384962,0.31433573668675785,0.5728664451407356,1.3050799374800317,0.7784872359430789,2.0062750750928764,0.05312429336850327
Gene 24,2.0771594217683176,0.016743282427568472,1.5987101600470437,2.7666767072136698,1.0088873256150381,1.116618174069559,0.09859988768117499,0.1661531045776909,0.6223819593279643,0.04433341464811038,1.5743035509466035,2.2954143330944823,0.007570985946681061,0.002068632503367772,0.006059272345995164,0.15321589266862995,0.017974231776979696,0.013951298525380492,0.0022113910196035003,0.0
Gene 25,0.002316817781216208,0.08300998403030248,0.4614380172346602,2.0597644740526824,1.5773798856326458,0.024162548802054942,0.0,0.001337503832511183,0.07254732679209473,0.0005154354579589027,0.032636191822585,0.6849556228999794,1.7848299638203744,0.7853697779729946,1.557933402777549,0.0,0.10842098396041075,0.08134682271712255,0.0,0.013728842260646095
Gene 26,0.0,0.00010951598722723912,0.2529351610644421,5.102660633453646,0.016145390790259742,0.11572405656561494,2.135536455281874,0.0,1.745800897745083,0.6059582860227998,0.3809759051780809,0.00013388670600330036,1.0722195732695563,0.012774572606119885,0.00034297823628265096,0.24416790124737658,2.1232689215380933,0.0,0.25270276214246973,0.006274259446769174
Gene 27,0.29772770516154445,0.0,0.0,9.394296890937717,0.024564168017714424,3.5938307850929463,0.0032077459061985504,0.12837145578787956,0.9351204460302688,0.23838581869065764,0.15141360411729968,1.1299353467861928,0.046362358475290306,0.8410145749182417,0.042207719304175044,0.020184067684597216,0.9511983493019166,0.26824935447987486,0.02033534888433984,0.0061371937619097
Gene 28,0.3017923562543275,2.2093120220757805,0.9714690150043889,3.0113997960460206,1.3915692383558294,0.0,0.3467050935696382,0.0,0.008802432596649768,0.0,1.0911736566131676,0.00875741598621249,0.7451582197216197,0.09191524717989856,0.0,1.1532930202243301,0.00014845540704464517,0.005550001745003905,0.0,0.0655317491328016
Gene 29,0.6242905973998133,0.0015106024025861211,0.46926874312921835,4.713243721387843,1.0607917765957757,0.0,0.0,0.4864707067627539,0.00010406258802795174,0.242323481672577,0.03246918098404184,0.037796990533375624,2.3797983246656678,1.4851748475193696,0.0002102600160663864,0.12032341016413557,0.45159380425330503,0.008314386292329964,0.0061028055418124085,0.15542529989323325
Gene 30,0.08664811784634915,0.010796457313613441,0.15988972377519414,0.2517315047127193,4.071112756257683,0.40133726401765907,0.37199120749994735,0.3775457955516274,0.4528893159888617,2.5904794194006002,0.33808908513999136,1.9702658172013408,0.000317009581048928,0.10354556525037972,0.12142786264808599,1.1129850631065683,1.1493617021629192,0.00044214226373186585,1.228838795339433,0.007964650558793963
Gene 31,0.0008825310578649294,0.006662664872402675,0.2775806435472057,1.524276517415931,2.5862693664838634,0.0170731531015201,0.5084754160853504,0.6505725141194403,0.7732023816509809,0.00980890103856866,0.4843262037068476,1.382928350225576,0.09880902442135978,0.36968255073738043,0.0,0.0,0.001178983074505931,0.40403232168101577,0.012542704417724622,0.6687405871300195
Gene 32,0.0034243575814285085,0.00029461167597212253,0.1940625132940378,0.000251586188733688,3.054018539224506,0.352491014215338,1.1306750638237317,0.03302136668616394,1.1234435657223958,0.005793716170054987,0.0,0.0008404012202931248,0.16652207147569875,0.3500753498774308,2.1859729948222064,0.03794664483767849,0.0016566588302300645,0.17420387187916633,0.04898236444073698,1.9693927678950265
Gene 33,0.006474825508427836,0.039361345234127765,0.005250141016850321,0.16177945548869566,4.4745897195134,0.6230749174797148,0.0,0.00845673646244925,2.1203942704250176,0.04832284670956516,0.0023718541844479444,0.0,4.017078718174158,0.06605063255693151,0.0016703312684480868,0.01793592120903375,0.0,0.0,0.015787543628997976,0.08593135484695413
Gene 34,1.3775565145387634,0.3247105966823405,0.010581512544593627,0.0591297535424023,4.7011262107505365,0.03398760215172708,0.022052217307159602,0.03742588628283751,0.010111881998877534,0.0,1.621601578305484,0.04676618972484563,0.07947839533505817,0.5140016886327353,0.18130118173980359,0.2409956541016142,0.0037897694545688085,0.0018135096057503902,1.4584662137211666,0.0
Gene 35,2.705287426259414,0.06174872881394932,0.7772644337905408,0.05117995334589402,2.9923972324801182,0.0,0.0,1.5911746058718526,2.280535870822262,0.4564158718543036,0.14341916704922303,0.0014801910697627872,0.25342525065982274,0.9526119847446705,0.06158823176882339,0.007118228632539125,0.008440085751450114,0.06966955357904328,0.006670152757369961,0.006305944019058516
Gene 36,1.3088834265800913,0.36852195012745614,0.0006295022101110554,0.824619594414904,9.492097998794517,0.010249469332710011,0.0017994347122330643,0.09626975847081759,2.749491698785804,0.0007186361727648941,0.73960351773724,0.31063815389964894,0.0,0.0005577183417399058,0.04219147664376798,0.10532191289272082,0.2379916284565591,0.2471692601083425,0.5252584323548097,0.989758493713827
Gene 37,0.07854405175634936,0.22420939988705024,0.0,0.25057721745247796,3.886988882156329,0.0,0.3336644280172073,0.31463884230724287,0.014950018357023673,0.0015515970823698885,0.001733710076528241,1.218105999088564,0.03429532977252454,0.0,0.17418614697610543,0.0,0.12249889181432175,2.863205027102759,0.0019182730326621625,0.01823269722746686
Gene 38,0.4944555623145635,0.7413231295096141,1.1681692022518275,0.037262351084797855,5.838714340044037,0.015364576796151445,0.00020207467053008068,0.0020156092422845343,0.8244817600207333,0.018500957412659367,0.04948059653922461,0.009177626525174159,0.844614880143504,0.0,0.06829203067157763,0.8073381550146055,0.0008223450925121187,0.11851561841183739,2.755022559402665,0.9401080063620993
Gene 39,0.0,0.012600360860707876,0.336802729650362,0.044563416530782274,2.5443212586287736,0.1870853751936066,0.17703678842458062,0.1315030368327659,0.618338146040698,0.0,0.29744229314385773,0.1983186857518891,0.8795666917214946,0.7278482583748622,0.5222632098206708,0.08264038940705012,0.00048613573287367365,1.8413162797198053,0.13363544558396886,0.003984218842493868
Gene 40,0.025991714763448793,0.0,0.3677410842059933,1.3799253791825006,4.550746172566676,0.5218149683207464,0.36354266625509274,0.7898225417768064,2.8612106015328744,0.04334750346880917,0.49187670711854525,0.4672053157779914,0.21578961052729065,0.0,0.0016340735636309264,0.20101448406551667,0.009259365702891651,0.05256521308067916,0.00547258290349814,0.0007843608416422611
Gene 41,1.5396336297886606,2.0750614311450026,0.03398016747625699,0.3094603265251083,2.3341304225308637,0.093305428658624,0.0023958672514660887,0.0,0.5199103565674248,0.0,0.06538068089297394,0.033639769537889136,0.01261801210468619,1.9319382334688384,0.026236241215476182,2.049806468359304,0.026507834549866674,0.016060949289311555,0.11229290547100819,0.20720347239875658
Gene 42,1.4618207778305436,0.001238672033385202,0.1784763345290147,0.6113408855157859,0.0006127892063829702,9.398715541116522,0.0,0.0199788081413194,0.00038398414950920463,0.00039148765846872354,0.013220320664839868,0.0077230072530290956,0.3863185552017401,0.019444818924960736,0.017068605821276048,2.925858572662992,0.4764261149139203,0.19416173163792153,0.5398774783229568,0.9029873386146691
Gene 43,0.02004550258462769,0.8755963916056376,3.4985312114061413,0.5565194640098492,0.07557411763843513,7.38991670856602,0.09317743836481963,0.04540947874552913,0.1039694155070891,0.0,0.4370052570465756,0.31326004574162153,0.6387139012013815,1.455467195384449,0.18548284592024364,0.0,1.3528359265235024,0.01217751984657777,0.0007933461785706017,0.36677252832672513
Gene 44,0.05211259559811328,0.17184434394116638,0.00779397104854168,1.3811337366998473,0.10306123775202612,3.5950187952871233,3.2787407340865693,1.7596787253097013,0.0,0.0002471542608941516,0.6000179944135839,0.0037284721207232305,1.0170800184074487,2.943918252288659,0.1844125083709292,0.0005689389331267376,0.0,0.05595381957784945,0.00013669886037280052,0.00013714705568646112
Gene 45,1.517831129955325,0.0007486377761332573,0.0,0.025052792265584118,0.001759219872263915,3.7323637143456287,0.08971567451101999,0.0,0.0010636779255398308,0.3823226644283698,0.11829234451511034,1.6351781634892981,0.6905795955977581,1.8348536017988086,0.0,0.4254454160443663,0.6676258614877332,0.17501468940542914,0.6158384699599687,0.00021882685425039374
Gene 46,0.8524603551910279,0.007588045496637125,1.1040459544487202,0.00563989301349685,0.674314774655339,3.461505145010443,0.031066837684169825,0.29336022717536053,1.3702205970758323,0.0,1.7849229343380613,0.0,0.007047176502274414,0.12888113174764534,0.35088526201048,0.05755396992611169,0.2419349933472956,0.009345508777388534,0.3373421923071714,0.6111783715863215
Gene 47,0.083010806027238,1.573389083225686,0.10333415284302196,0.14833510526583957,0.0,8.109359931835254,0.023666491518293916,0.0,0.06783313803492856,0.0012211002638595992,0.0,0.0713654239978315,0.033005952816321675,0.01366942327164976,0.16202748230535174,0.16746283945935703,0.42645109714169666,1.02193817301819,1.502290440460868,0.0001231989544288015
Gene 48,0.007208124669314743,2.5375873148090626,0.0008375084609771645,0.017262952804725555,0.030709405259931145,5.330675522561919,0.021956596765648546,0.0009303642829354532,1.9899943906641395,0.021368721811322468,0.0,0.0,0.573637023372837,0.05490837501198313,0.3767292157231764,0.003961604122133011,3.864500462064665,2.0509396944420333,0.003331488812316831,0.06907651018637198
Gene 49,0.5776799762871347,0.0003907419301137101,0.005769506595505341,0.17981043622935625,0.0021263633462411066,1.2479596763179313,2.2798937084593542,0.005474508313090919,1.124074145570969,0.6553504009327134,0.0003258109714774613,0.0002388470909354341,1.401279685968768,0.017038646300834105,2.2279708212597003,0.3043396398553378,0.4329518137987917,0.1981511735546904,0.01901138572887307,1.2954138612563753
Gene 50,0.0006989034359111874,2.146589192814378,0.5903718870952783,0.13309442371489086,0.5259146045667336,0.0018153739687692672,4.9403782389534046,1.3159449319995655,0.5068578048511889,0.00022805049064941093,0.0,0.0,2.207147700976871,0.403172205445862,0.003954543494696229,0.05599603632363952,0.6413710292799972,0.03859754706770585,0.1955057347706593,0.013160813556828311
Gene 51,2.8303123639777947,0.7238395630598956,0.04786484248986275,0.47377076627273274,0.00012375809192037264,0.28916696084559224,4.1693270229756605,0.16960230227628592,0.4649058197006784,0.0028990252890432992,0.00013906033087229382,0.890268423461097,0.0001542514449465636,0.009681268433275375,0.0006528698669020198,0.2738131366689713,2.078017841880581,3.7155917111699117,0.1342504471353887,0.019157948471017143
Gene 52,0.0001479451116275675,0.0,0.0015505082135266468,0.28496485499143026,0.059845661024865854,0.4968440369724957,7.609859373619859,2.193574290501392,0.0002367443817915069,0.10765130981456965,1.4341856005219593,0.021007054818155763,0.902441979273203,0.0027473989949920222,0.0005979319568928361,0.2933701576192547,0.03320377590084769,1.9333102955058625,0.14097599541498596,0.009241701495702144
Gene 53,0.3763033508005337,0.00024444163817818713,2.8984240323737644,0.5147603638867422,0.20122562378558606,0.11684916750398505,6.292214341745005,0.00751776836873778,0.0006314673565095527,0.0014163753625084298,0.0,0.0001494187587325515,0.012510183755614092,0.004130398579184318,0.7532850082813789,0.7388349592930719,0.3658783381383557,0.5134988138048509,0.3738882128904899,2.928176251219287
Gene 54,0.0,0.01704098806485788,0.0,0.01261199258979675,0.2106982152430657,0.1395602755458597,8.032240096899057,0.13268400755199164,0.8730066246963377,1.0274393534004571,2.3628716938657908,0.0027777518355212353,0.47089793867480884,0.6713931419959773,0.0002635474296854484,0.6212300189999022,0.15177098790069693,0.24287999768256677,1.4182420666719866,0.0
Gene 55,1.4918691672479247,0.0,0.07124529496375745,0.014241394212647855,0.055328833843444794,0.0,0.08346424693735972,7.603426508527376,0.0,0.10588008960457937,0.0037938412287635693,0.10752507339406428,1.2867849233570499,0.8173329231532616,0.14789359518532294,1.302215530804195,0.1502466284590124,0.2182412382464266,0.06657906135521396,0.9728732227735772
Gene 56,0.30194123117856486,0.021311437847569087,0.7648077428806825,0.029075463907907807,0.147478358221548,0.03948193203007703,0.0,12.431715626824438,0.055640321756815735,1.2590338787351305,0.07430470953588762,0.05781190086809508,0.010263852195133705,0.7215853359414502,0.08253941255353948,0.0,0.4917949919978317,0.006073151672108812,0.0001469580306556564,0.00014743986276797267
Gene 57,1.098682569485833,0.028912984577572683,0.8348945749576556,0.0,0.4197667837706794,0.0013036336485949549,0.44286488351078795,4.948368777580244,1.655732222440253,0.25633279997388725,3.0898948560574877,0.06884118046285082,0.05046482444359595,0.12633180667009808,0.0,0.017152578581868385,0.15340525119212056,0.0022726311490997783,0.8741572755999552,0.07074528041323166
Gene 58,0.0005073108174604787,0.9293008345428181,1.6451766746275889,0.0020126838888158854,0.3804030794093128,0.5073220989298279,0.09488880489506803,3.0719181548997323,0.0,0.14215256759517864,0.4108432247564203,1.0625042897070336,0.09506869893320788,0.0,2.096469675788785,0.0,1.0150772119636267,0.2190210630431976,0.18173779788830619,0.031116135119122697
Gene 59,0.00401889959759713,0.5666080712794657,0.0019910917199247448,0.4282670008392258,0.0,0.0005219466193540234,0.04521963016982857,4.409572310876585,0.28091106604362387,2.673070435737332,0.2835547231716995,0.4309567493291066,0.5147003497166385,0.011941207756247098,3.4941302584235716,1.042253101000513,0.028061412805816668,0.34526707173979154,0.1465106359126241,0.004074998051663997
Gene 60,0.0,0.3215750200567328,0.889721363300385,0.6457729222077272,0.06659225882107546,0.04663152970612869,0.3619858596802995,4.457147962247968,0.0017955182063810232,0.0,0.04855328491587436,0.0045318210911102046,0.010571459977224862,0.27618284914671665,4.124285136616645,0.05656093344695362,0.0,0.01288467200925235,1.6384812346120448,0.8412270780231161
Gene 61,0.14863600124148563,0.029088666473790832,0.02476940122008316,0.252455267681617,1.1841995300514856,0.5544835620292938,1.975876630218965,2.7345630164528756,2.4276160070416988,0.4506862101992415,0.009491048068530041,0.00012884710481146273,0.00012997359655130895,0.000114894650651328,0.0,0.13120555928597843,0.01583990236436994,0.14586825579509952,2.639725928174098,0.0038200169914325444
Gene 62,3.469835683586578,0.0036827914334024462,0.0,0.36843107950402076,0.0,0.0005147560447599273,0.5608816944647438,4.094609871375081,0.5822429861277724,0.000258658261254757,0.008871226140437805,0.08284282145234848,0.047687749763372374,0.0037471318926243454,0.8055602569856406,1.5719105643964928,0.0,2.9994204451084383,1.0339063448785113,0.0020094295103156887
Gene 63,0.009047182672929676,1.8546919917176108,0.16262574605524807,0.04067920612380424,0.03111360550543357,0.05787888666080138,0.01689569875747876,0.0,4.852362538024279,0.44346707042417755,0.5863703833424712,0.06965546900123921,0.00019197939007337041,1.3137004459763366,0.0,4.124648440371829,4.399269131748826,0.3818244856139588,0.7811878909166217,0.1497969279718656
Gene 64,0.03517516090690773,0.0,0.18561197977797556,0.0,0.009121022832480495,0.00019522667956823944,0.34424057150976023,0.3264691767122354,4.630619060240417,1.5250452495905904,0.07329447856287502,0.004781154771819924,0.7174146635878262,1.352873992111872,0.13370632683778863,2.9686243568799093,0.06854511505539655,1.8075639558481702,0.08317695421257257,2.1450320458950203
Gene 65,5.911191909524661,0.1251774263716212,0.0,0.03614909911049472,0.5142161577736931,0.0,0.4348780872207124,0.0011457780439046346,6.2510308937513726,0.09434448687865184,0.0010872526444254196,0.25585255385274114,0.0006891573724978004,0.2036265929553875,0.05498283694986465,0.0,0.48892848864881217,0.3396195321285389,1.4223219430879757,0.007350542503187015
Gene 66,0.00734172249858426,0.3647520806169058,3.3585297811734023,0.00029721678808243513,0.7031969905911181,0.00048647533542521884,0.0,0.06073586921787112,7.250772440501214,0.11134586824121838,0.0032245541405445184,0.0004254969286554741,0.025323802245839005,0.10509966777138995,0.2534849938066343,0.0671498502908641,0.05871389271577914,0.14966027977185586,0.0002704036268756717,0.05764916765953903
Gene 67,0.1413389506210944,0.07199322043653711,0.17406672585529953,0.0022610576150276585,0.22841709695731485,1.0482159979238004,0.3044720734734925,0.0,3.887154493338776,0.15062915369301,3.3995190281131102,0.13502666255304277,0.0,0.03436216986661852,0.4073652056100622,0.0,0.11060206006612405,1.0632071980109343,2.561062376760514,0.4785120503625738
Gene 68,0.000138145082637777,0.00010696674637471791,1.313287154265566,0.6683726688939727,0.00021167206767781346,0.0,0.00032248405186659484,1.174805318250378,2.9701917492589005,0.30257536417643466,2.9586672883732437,0.0,0.00013191348455476098,0.03883095739478997,2.0261590983224607,0.00034588008996693393,0.3435082389080081,0.043052134883263586,0.16143058874764482,0.05590429562636711
Gene 69,0.5160227134082748,0.7965440146910572,0.22651298509049725,0.054451252821882255,0.3063510494023547,0.019150642267003717,0.0,0.14902326312454095,0.027589492291737492,6.577286523869934,0.0007811578931689193,0.8615594866268731,0.01213089500043876,0.20464057730012944,0.01613670530475321,1.3122477340040775,0.011853013557469936,0.6286998405459765,1.0572409670384302,0.4585399395103018
Gene 70,0.2648338861967028,0.3260120030431943,0.015673022096618226,0.4868338695629162,0.40874234072252535,0.05774164976111005,0.0022487188942156714,0.5784748811957812,0.0011857634702347314,6.491495791245825,0.0,0.11377403089935413,0.00028303018722047895,0.38842666839045736,2.426399956293835,0.06679003003721337,0.006863389689984407,0.2623773250979727,0.13506754508750193,0.40344529518671896
Gene 71,0.14438601288095068,0.0014844699650149332,0.05171506145113779,0.7683304797193009,0.22729340945120954,0.007651168650343473,1.1402454158837334,0.07355473966543125,0.16614439919932272,4.791039907027258,0.7561867718454018,0.5338946451978417,0.4541224140733589,0.7517970964541627,0.42218819627594606,0.10245164067812684,0.00014228631335630275,0.0,0.1470474904057632,0.0
Gene 72,0.03630264701375316,0.11323693838449085,1.1756468500979642,3.4282874604720046,0.009754065850479561,0.0,0.5815635926435938,0.8230739650779353,0.011012727433750527,7.113875644445941,0.6567185833077027,0.0,0.0006571576848217239,0.21522983639084853,0.00013907112843313316,0.009692336606271,0.0674209437528806,0.016039738436621306,1.0397208859880522,0.049999204675078464
Gene 73,0.00799776542049667,0.008212096056329193,2.884464486807628,0.00948451167698529,0.006526871104470473,0.019757765002697276,0.0036528021600788145,0.011961035491488978,2.9830854559546696,3.005779460174823,1.9816483715709268,0.31682165175053273,2.26436858800505,0.19959431761313934,0.014053741829563263,1.1329003242148392,0.010322998982321894,0.6205675018365294,0.0012551090147292067,0.0006296120738176105
Gene 74,0.03254112193650281,0.0648780610640142,1.677726249612712,0.0,0.00552351962140119,0.013496890096795814,0.12349765078611528,3.160126333525972,2.9386876749493225,6.070908231183212,0.41734403112046997,0.0,0.001116403176514,1.152844004850015,0.14222794739275693,0.7710822110214555,0.04674040493350115,0.0008650440049934451,0.37276278152263187,0.25790849663946835
Gene 75,0.06790626519283233,0.4907127274766867,0.14587688215991823,0.002126909203328473,0.03701954373329143,3.3135404769874395,0.0003337252344971492,0.03298506326425806,0.19125005759865069,3.74895761037585,1.872597824876812,0.24656867307871547,0.18156061223609934,0.46230311729751067,0.418895203403893,0.5870163751693728,1.4842319084701943,0.0,0.04424772917432966,0.0031062020606432684
Gene 76,0.0,2.7834591275757314,1.1224110715121534,1.3520165771709582,0.2472931365152183,0.0,0.0,0.47204539771888543,0.00038662197985936495,5.713333340169718,0.005268992687731659,0.17137829618793005,0.0013842434948871376,0.32630662838488494,1.0560190731050407,0.04859520286069558,0.0,0.20421920089856344,0.04273111074243574,0.0
Gene 77,0.004665269240256175,0.002955560763018839,0.7491599007565083,0.37438245688543814,0.981812839324847,0.01193424809360328,0.34173203071841785,0.0,0.0342731851613785,4.380781713826445,0.006693499599200526,0.0004014739004189794,0.1532189198405757,4.280123100384133,0.000114273074925024,0.00601730225218173,0.03273576046016246,0.4069377022471151,0.1428767053686179,0.07077667078340365
Gene 78,1.5639518704447044,0.0001354866138949223,0.04684574171073104,1.925363129748164,0.0002681088532443399,1.2707006148915556,1.0663003269943832,2.814953425438757,0.18732175280173377,4.602843355565982,0.0003012595399898188,0.6516144085382594,0.03659155876171194,0.28845874595796395,0.9398513287966672,0.0004380999122767283,0.38855248427831823,0.04567541575487313,0.6224153363342715,0.017108385012565577
Gene 79,0.002531308744401327,0.027930154572713365,0.0,0.0958755355490819,0.03490725917019747,0.13201315219592896,0.012187423087874742,0.004520989445376879,0.6767108770694714,0.013292791889882569,5.543031229633773,0.0723345122409114,0.0030214046582592957,0.0872040695031171,4.440798203894112,0.013467723345640224,0.004133071016270187,0.11855496008066685,1.7789292025952805,0.3675225701906845
Gene 80,1.2518557207683347,0.025175716389363122,0.3152842037389382,0.825275743206049,0.0005535464809823097,0.5170428056899566,2.2216748650512286,0.0007647166753771817,0.00023124109944039242,0.04467648716844212,5.638219435031774,0.05239116161480354,0.3348956467811072,0.051597037358573246,0.0015184848288520313,0.0,0.04924848903340831,1.806511639009221,0.24892729741422628,0.17608941474937398
Gene 81,0.060248851015958525,0.6631578226899236,0.6628639849020913,0.10632547754683776,0.11470323565924415,0.001599053155198578,1.2019898712360393,1.867301929250297,1.7573385032329556,0.024506858241169643,3.976948897086326,0.11841615789734884,0.0,0.0,0.29737585406982775,0.001644117412396191,0.0037039179350073677,0.052327417135678816,3.8611890489186695,0.06346186137137329
Gene 82,0.0069579648589917185,0.10619564145563873,2.989634795086439,0.05981027237228819,0.05686029133662278,0.5298077589683066,1.3116786558052318,2.9142677913036743,0.09043492030121864,0.4989762149229571,4.277359972131224,0.0,0.00014764660978693582,0.3128500189664989,0.5409263160400652,0.49417488414072075,0.4445182098581153,0.05656126038803381,0.08273800451620388,0.019177522927189022
Gene 83,1.618562339531399,1.0487046952233956,0.04643861294270402,0.00028605742478361935,0.0,0.22380439499601465,0.18312746521852746,2.3583652378866917,0.0006922804852389451,0.2638547341063526,4.621460631046251,0.18428450964164392,0.00055080202267623,0.09908424678014625,0.04149663798470423,1.4770710467864607,0.0,1.1596269130100978,0.23591752796498242,0.0020888342599078968
Gene 84,0.0002767121265698668,0.48240688636850565,0.11745098585897998,1.1184002640794521,0.17192822207944886,0.0001497393290232124,0.0024223242172194724,2.120368532462102,0.05534995429919078,0.23024075877392497,6.157671534942332,0.028551437557035885,0.45764618007382885,0.26615887724795223,0.009394174506557839,1.1573502363875205,0.005421721262754412,0.015478215419160474,0.013733192674688028,0.3882952844238399
Gene 85,0.0359034755216783,0.00023760960088333656,0.18053788793009323,3.4604569540796652,0.0,0.00033211486601806,0.0012536072334757274,0.0,0.0017186907331917182,0.12691484765562333,6.122068035021391,0.44298983703908296,0.0005860496178202017,0.47687312995202596,0.0894204887805796,0.02727527356411762,0.07251515102340311,1.6278123537060958,0.4423562094185183,0.7309264932672056
Gene 86,0.03863496024891774,0.00760559284982452,0.004679187925158721,0.41242372387802484,0.12625607410661124,0.03827012707946643,0.7481350885968313,0.8813457972712807,0.0,0.7154363134531748,0.5993183695176127,3.5682909370376725,0.3012860762070431,0.23814210574268851,0.0022936740266432947,1.4380018649572204,0.03162220021549542,0.017539125183867535,0.0,1.4778281253377195
Gene 87,0.658763998821559,0.009199458690949793,0.002532007649429612,1.1428867373120188,0.020959045500832475,0.0353605733643306,0.8727272215699081,2.4161394882455705,0.000750473985165577,0.42835039705440486,0.0005382984095388734,4.136982154279456,0.3128818466674905,2.061306594334866,2.04302070203318,0.00019570208963810135,0.0,0.46095268253382277,0.002680214537802162,0.0
Gene 88,0.18967037774015455,0.3879513933902403,0.0882075624359203,0.9886680631868426,0.034529278441914155,2.155596374803123,0.06619541267548512,0.8055626674662363,1.9019202071264443,0.05943793395058638,0.03718208598165928,5.464561126347968,0.09468165048407276,0.8089136016861921,0.0,0.047958814572250874,2.8537199760092586,0.4838688770115293,0.04422820097642626,1.6166470308302323
Gene 89,0.0003614398256441973,0.32072585913790747,0.0,0.025452814283528018,0.18968138038447815,2.0767605044127575,0.327090006502621,0.07740126037955408,0.7144950526686721,2.3547092019396896,0.0,3.513023500457888,0.025540034868363325,0.0018305672522131466,0.13254215136122033,0.014026775140149304,0.008584026501489534,0.7710484573159866,0.4077955151794008,0.0593356733649333
Gene 90,0.0019028963105375083,0.0,0.0627574157453446,0.07302662213743928,0.08466752201253885,0.1002797328276163,1.3584271123785818,0.009295389968267898,0.0008198206961478536,0.007761380452853024,0.36403831295823746,8.466294663211512,0.00027954744642528254,0.1278823345528231,0.04945716233461938,3.749007516737168,0.40551932991662565,0.13620253780334537,0.009642180643470305,0.027431170747345565
Gene 91,0.7683572980351255,0.31693937115340043,0.01345328285256857,0.9023098976810253,0.07387879574693586,0.0,2.690866637075917,1.4139303679106279,3.103883113372144,0.021773046344357273,0.018974546454247294,3.1527233948362365,2.1996123216352683,0.4405731491603369,0.012109718516766645,0.00043114543035391187,0.06154959510328014,0.00030578473099548406,0.20200291600333037,0.9102786488045543
Gene 92,1.952215622605995,0.00026419904112958786,2.762258165222652,0.21591360876151022,1.5007334214749388,0.00923199534242878,0.023696143054422775,0.21306616326127703,0.0005460054067313868,2.316185525369621,0.20766584561753404,0.34721592490533154,5.419613810626615,0.35987574457960897,0.0,0.021143808543313585,0.0016207010853669579,0.09149070408940413,0.0,0.11830929919023353
Gene 93,0.0,0.015330460793973207,0.05570284988993518,0.8047856026707301,0.993441446585233,0.0,0.21260452144553948,0.08246385666173327,0.00018636827850353308,0.7144381161983288,0.33285784347766695,1.9605198791386458,4.580325152174016,0.02428221608864962,0.0,0.18880906321170496,0.9006008942961099,0.0239901554519084,0.0,0.09457745018965945
Gene 94,0.009381915683984875,0.0839100754710053,0.5364489894405623,0.12177878621122848,0.008541898629927802,0.1467152572944702,0.8333496720194178,0.001007360846846707,0.030787748934695023,1.928394811195624,0.10124796937343027,0.0,4.326276011463824,0.07689811107305283,0.04308336764183831,3.796516820256718,0.16808084176112767,1.2389931605729099,0.0001226939269000996,0.15091594630077845
Gene 95,0.5622065309329202,0.013722462636824069,0.005578059841328672,0.0004708292002852053,0.01806279999823796,0.004623832885372648,0.011635473033740261,0.0,2.11670357154338,0.0037432817839418873,1.808813660408479,0.00029957389379753677,4.489228487992527,1.4665654629529636,0.2152612886512912,0.01168726328020154,3.796886109346416,0.1694338315033356,0.309271401810867,0.0024352963981940537
Gene 96,0.0,0.0034670049887826557,0.05296962515710441,0.9032537863998199,2.717795103350089,0.07538142165758226,0.8864173051284463,0.0014480244257438339,0.004975740020737274,0.0,0.2734558903794011,0.857358730749116,3.0258030720050244,0.15643117705121803,0.0,0.07551626225331648,0.22981229140942258,0.09828353358162042,1.7383716143475887,0.1940108927157544
Gene 97,0.6239275488851873,0.3471515288994909,1.2612533196889213,1.6660971052319757,1.5699947674187102,0.005067626874365015,0.35148366964753464,1.0977040510896803,0.0017561325429530246,0.3117769344776947,0.3844406249800706,0.11981366777895226,4.428828750560251,0.5013424182570119,0.15115724251471427,0.6312368966496896,0.035446404022010644,0.0020786869701802276,0.0,0.22758432767744907
Gene 98,0.0998037004276891,0.0,2.1265950223980274,0.13554099125270072,1.1707178527239843,0.11729965265425106,0.06318113542396186,0.0,0.12142421431188195,0.5973993211149984,0.0008321169394903699,1.2148014322656029,2.9979636738763946,0.08812086944446813,0.029397759538861805,0.8692964995464567,0.037878744302902126,0.01137167939878344,1.565784215018112,0.0005469389180526842
Gene 99,0.0321505871340284,0.18440321790406292,0.14306091452986888,2.6749497739484913,0.013592819146417762,0.00824788894453154,0.014176470931487564,0.30372936282714785,0.5888883379154856,0.0,0.11245002369704778,0.022431148498441182,0.02149021252762254,5.351228156191745,0.028682866353999203,1.0084470090935636,0.008908216098098989,0.29592399951079223,0.012249281840037343,0.01617032056384499
Gene 100,3.1453876814733563,0.01662682040460722,0.00883812955142778,0.12591333632351742,0.6705453444405366,0.9864856437001922,0.5040735695151738,0.00018181530110577692,0.0391723623624525,2.0120261940414874,0.2999035229417805,0.2840874392541062,0.14369567788061285,3.43053851144673,0.823698207067717,0.00021505323223587727,2.6814609562916574,0.6442610737543086,0.096417719163863,0.15225471662677384
Gene 101,1.1725494232455564,0.2290126048017902,0.0376259337861147,0.13684106971411714,0.8293648816810614,1.921325097025334,0.0003956611519300258,0.005381662354751749,1.4836005569348711,0.8309576986215008,0.03224561414489612,0.008984872456821415,0.007768650777280351,6.497244745718791,0.25633359489119384,0.2779598268260934,0.5933393191384164,0.0,0.5415731915680526,0.15912249592633063
Gene 102,0.001767768785223322,0.010634494180066257,0.002072921507078917,0.00026974509744578424,1.0829408302496712,0.001177361369621784,0.17506544691438441,0.0071960919701664515,0.012620866237291561,0.003882433244673758,0.031255118476727586,0.7037274186957141,0.00947891722584552,3.7426401066799837,2.7675898394045824,0.2859904476071588,2.416645230468148,0.11264603187913762,0.1416017267013219,0.7184550770372387
Gene 103,0.002747833155645859,0.7138323724854565,0.0709480423348941,0.6189405686365108,0.0013683646369422092,0.013233906345348765,0.17575744623890163,0.025738203030759757,0.011322612761233631,1.984312823530745,0.0,0.019768660432482658,0.013250598646411755,4.986628944536432,0.5389541199101251,0.2132760977747563,1.1400878309606326,0.15870470626930636,1.306841173190082,0.10298949457039176
Gene 104,0.26868629197876476,0.43147187421280336,0.08133377937158924,1.8601922802253532,0.2776373044309061,0.7255043047337618,0.01592821530265543,0.6024495063226462,0.023172037653654044,0.011503197729070432,0.0,0.021386580488163595,0.19763697850549433,5.115425654345627,3.478734069425943,0.0,0.0,0.1098560795732022,0.0,0.00013727265027545186
Gene 105,0.023911757746101103,0.199984832739132,0.018390306974382317,0.3220318164439491,0.05550978242748722,0.000779490999408368,0.011096605980632787,1.1406849463821362,0.02812174762630516,0.7469808525479561,1.3114527125043713,0.0016362812352964495,0.33520671138479485,3.9461181140945296,0.1968920418084971,1.2824938734345968,1.0172469646074223,1.6924423021006485,0.000259964497282554,0.9822362357294837
Gene 106,0.5181519287383071,0.2446518039584566,0.4452023227803456,1.0641185034668146,0.0,0.09780279909143262,1.62464426067215,0.17701039587432338,0.015735235337969052,0.00013258446803786884,0.3675586591924991,0.6140359859305431,0.013192025864267522,1.1206060679719254,4.11341961792645,0.0004069386491483363,0.03686355574643699,0.1170339345651057,3.136380121857742,0.9637898151352245
Gene 107,0.013000943292436149,1.1862280675448826,0.0013101317634182496,0.028021502595674357,0.002106989306458422,2.7594607072596995,2.3072710203725286,0.001587696045093424,0.042608886976518406,0.026003724082080775,0.0,0.021537049315021674,1.6383536003106909,0.0175165287844347,3.073642277813501,0.15258304495603955,0.005492477655174981,0.25694765901766287,0.058770566868511384,0.2425302541957716
Gene 108,0.2716266684801954,0.0064646029470699145,0.00013714540868558483,0.9869803802827232,0.0038598166672855357,0.0006231580140627186,0.0,0.6445967691535536,1.435512614371664,0.006106012577962587,2.3552762946528594,0.16133385048681723,0.001649436174124134,1.0929495331134256,4.099969012171781,0.21299927267214983,0.15965129038926018,0.8445447886607486,0.1476867737192671,0.0075584148809147485
Gene 109,0.13004611910808989,2.2964233555547997,0.826055750044341,0.018140584931724848,0.022357785335445902,0.012662745001710711,0.8498298654398464,0.0021350437243520632,0.00010760191193881674,0.0005485229091555946,0.00960896903958615,0.0016549602397836149,1.513273469371125,0.001475749718008878,5.685087377224179,0.012458414585564764,0.035772063300996686,0.013970402838674048,0.005096838168266638,0.0015827652285440288
Gene 110,1.7010138783664615,1.6460003544612163,0.02104082792452876,0.3083611611502439,0.12572900967776135,0.0,0.0012348050303066461,0.13576315245179754,0.6569560450080223,0.1292338401595395,0.12397132603041827,1.4962900799201806,0.8846866674916427,0.8815078004492065,3.0694145605769436,0.0011588407657347345,0.11557621074932398,0.00011741341845932808,0.14271755560279756,0.03783161629174658
Gene 111,0.00054671696091542,0.0012699808067074317,3.059167905337343,0.09150562353069137,0.15225272995155445,0.0,0.17787718138090328,0.004339786884066677,0.223637657357795,0.9493821290026742,0.002353208081016916,0.5364202244844942,0.028190973229982375,0.029881387153248676,5.0650664465072355,0.015228344735050444,0.3536590990682985,0.33530156938230854,0.6417073499115634,0.23943396174847828
Gene 112,0.022407971105004258,0.3751046512467707,0.504136781696546,0.2768143792645623,0.0012716479434342746,2.020965855760137,0.003044431649322833,0.10565679079622335,0.0,0.2441090756975423,0.003163954321644006,0.005948259282997705,0.0,1.2936098612766036,4.235693146135978,0.0075695671291507805,0.9086460494019544,0.32432809800648243,0.01176830860358789,0.30612054582564635
Gene 113,0.079051454733019,0.00019524758762676312,1.005662628015136,1.0035264472811714,0.730524106733071,0.9408367704848746,0.0,0.06698701642693262,0.00010087682192152926,0.06057751648223139,0.34199401684940983,1.4460219320769758,0.045387622889306235,0.10206089373624096,2.1766271837390088,4.1856181538236035,0.002694882788428517,0.00671654178903763,0.1836227501679828,0.1430196209791587
Gene 114,0.13153954902423687,9.746606072424554e-05,0.016550072883814555,0.13221400899832855,2.334806597206916,0.6761172552439465,0.11430427431998463,0.2168897613616415,0.0,0.06900223776504373,0.02362241697093736,3.8067733798903993,0.11863449142838464,0.0015937850602564842,0.004375116831165009,4.433976841612485,0.5440846728717664,0.009835011578298187,0.00829169941493487,0.04045485392945051
Gene 115,1.4495971692940635,0.4461633548092523,0.2528113346622166,0.001475238986641951,2.963757771756163,0.35865244689349457,0.0,0.17521072302485946,0.001190063105089732,0.006673250978468741,0.29935961491907137,0.10770990682201333,1.1937473074768075,2.309506302488179,0.7803935573611441,3.2933299075152362,0.008124634018785121,0.09944158700644558,0.03851974945463228,0.0006732760343444278
Gene 116,0.4490843219125973,0.001489417205172782,0.10666127275637786,0.00012719007040279658,0.25229282351647364,0.2692471829931418,0.20535660642487877,0.0010857912338451952,0.21864737489092095,1.0610406469184455,0.003422167205233844,0.20927738650656774,0.277231092476447,1.9474462942426802,0.016584900696731287,6.734958297693342,0.041571859313096635,0.05818148438504287,0.041310514094486,1.4143868901897707
Gene 117,0.3623355877740352,0.11743841091882118,0.7909856808929812,0.024574069431870856,0.9286322066411967,0.7829602758211824,0.33631943604321574,0.06794765690445631,0.4845306277451724,1.058122492768633,0.12832542446292797,0.05507053176863003,0.0,2.617466967557019,0.9708135321490614,0.04078440627299942,2.981783738780849,0.9458024223176447,0.006052485560066148,0.003841678086163026
Gene 118,1.8612363784747163,0.0015384320111432323,1.9860501134142141,0.0,0.02722992499306731,0.003942249199914498,0.027055437297287224,0.027804430023871982,0.0,9.004224020847567e-05,0.03164203891879774,1.4104813060526653,0.6002607380196633,1.9330638032480048,0.013829462040570638,0.0004145470597611195,2.137297291581489,0.0,0.11434441769957776,0.5541103013497829
Gene 119,1.0216862957991466,1.107966263211367,0.34172661665158993,1.3775955294982993,0.5413381605418742,0.8469574892654307,0.1517549275405367,0.00046125681689136017,2.5333944564047957,0.014575917657584914,0.6818056209106681,0.015676716040238278,0.15564084128769154,0.0,0.03499245040671459,0.23023470751214264,5.039219694404061,0.012769217679269423,0.002490641288631258,0.0574725694657083
Gene 120,0.0006894033846895875,0.047615858739208795,0.8276080809355698,0.21757803112688767,0.012992916407257636,0.003432171094452953,0.7752162521107513,0.6148079268429989,0.004302462363503304,0.0,2.370569780395417,0.94639971730885,0.0027648811250281908,1.698774354298595,1.9817128702750113,0.013636114375687666,2.93093204697992,0.0,0.5917331290988407,0.010735050317657055
Gene 121,0.8347164051704199,0.00026204216847617245,5.945652353421153,0.08223664222424099,0.0172416013936571,0.06006747325682856,0.10704587483456977,0.38110447592515445,0.016652598492266833,0.5604123678409002,0.006554931035000794,0.00176195092723236,0.7663633377738995,0.0057132898730240765,0.0013677570896438185,0.13535952721515412,8.62246896258168,0.008413331589341154,0.294079497804422,0.0
Gene 122,0.003673429879516095,0.4565772423688281,0.0625777630978537,0.17255394938932309,1.0428657820527405,0.00015902647482525178,0.022124031672142722,0.39750004966202773,0.5087069917764935,0.0029965780798375747,0.0,2.5292657208535365,0.00028061798591564636,0.03013952846670558,0.2843393934270091,0.44901377228057265,8.2297348330161,0.39973543799562244,0.23070745348008417,0.3718054778376947
Gene 123,0.00016891488595806558,0.0,0.04683188940107124,1.3506790821178025,0.00012940946753079867,0.9120509807261051,2.5888598568453136,0.05506342647113507,1.5036821555094997,0.047400204021939035,0.00014541047856829334,0.887270288809288,0.536629430643158,0.07228934971134222,0.019934342744989775,0.0,0.016848927455347402,3.674547619356051,1.2774514296506652,2.9439026503261783
Gene 124,0.0021883584704371697,1.3454027847071848,0.00390931352992294,0.1573612971322407,0.007649260789622894,0.008437446339083263,0.10791653520919495,0.29212198014622115,0.0006565968548094775,0.1597700399459226,0.00023548120896834803,0.004919889720393543,1.5933532642345174,0.060611665732108785,0.6359141665903955,0.6170827426265023,0.14812159161986926,6.861305572645678,0.12317133673836761,0.16059820394060922
Gene 125,0.035445770408913,0.0,2.109556281611772,0.024044873589469135,0.00042211082697134265,0.25462082869834857,0.008145795884250458,0.08125086349015949,0.8688885136979109,2.9741661176321674,0.2562818825056782,0.018254489832267875,0.8935216121110718,2.7228829588333467,0.000445358255199984,0.40120162138296306,0.04318146291328355,3.4861546068282037,1.972126206436617,0.08396546848202693
Gene 126,1.2304297575606926,0.00041952036426205514,0.0001290507302700596,0.0945788034599938,0.3406816241266615,0.04265897103249876,3.3791566182131376,1.0122563365136554,0.015497612717601139,0.00022098537877435543,0.015508118852715164,1.9007211025164348,0.264371328736941,0.029384023184569775,0.015547092615756115,0.0016956641462385416,1.2878775680912655,3.689426719493531,0.06856827016912624,0.17155352297257914
Gene 127,0.24639694799046147,0.0,0.9760893642519411,3.9059998224528867,0.017262538586850274,0.06245675561306837,0.0,0.1293622838423757,0.0,0.0005289389778003095,0.40468537863309817,1.336083406935243,0.0009287455557722927,0.09947743564489638,1.221205606721399,0.07062055351402045,0.2487020126402171,4.458155334897015,0.5559941697039736,1.2525569695765468
Gene 128,0.12636410829428282,0.6109181562364945,0.32377661720717177,0.12395564515067657,0.0,0.10096521731766879,0.00014734400666304925,0.039681739442394885,0.5874394700435941,0.0,0.22734170838589005,2.312537610645045,1.8978352230369249,0.00010655849890327506,0.0003061202471624915,0.8220914747309531,0.00014990451360453232,4.411271535976354,0.05251353045925955,0.00011428569818567038
Gene 129,0.053486516142204316,0.00026892857186134103,0.3583709623079448,1.562105690741537,0.018093835130592713,0.2566078713734423,0.0002702558768832476,0.026099160074008344,0.0,0.020399049444383855,0.0500303835080636,0.01775377206203452,0.6598689243298972,0.026874071207521014,0.11295117327426936,0.007101638355449333,0.2910370257117569,3.901838084336981,0.6063318346037779,2.720355079321854
Gene 130,0.07378146049668895,0.00027532300576611725,1.1496291478425835,0.17986256342038393,0.00572066567219968,0.0007696563003495719,1.55633552273306,0.08241719959731965,2.2958935472704134,0.0,0.0,0.0,0.0013581348708679877,0.0003001425590776892,0.42264459231302065,2.4161790969169417,0.4382798963554704,4.992714789800743,0.3940108173105592,2.8461469811611346
Gene 131,0.39456390635634403,0.3467079319302977,0.0028242484065895434,1.5155493438784386,0.0010757445652775498,1.3258259120375682,0.818542129607014,0.002476876636310298,0.01859961093109875,0.4483684161868879,2.4779507777117873,0.5851352829328691,2.182975376297182,0.3705877443691798,0.8238768967692255,0.0001953118808844238,0.6691774797619515,2.5913424936581007,0.00028156531374049675,0.001271198175751749
Gene 132,0.06891531181811299,0.004538489084559982,1.5358869604828176,0.049503029261542784,0.866941376384584,1.7239207057493833,1.5111054288830235,0.002443835360700305,0.0851255416446499,2.4931189670716503,0.008409583147230974,0.14358701278359198,3.0396545860451334,0.00029985578363824405,0.0004307114286762003,0.00578119322383294,0.3798592992799001,4.535498492167291,0.014264437099641418,0.042129617630191435
Gene 133,0.1640947561762919,0.0,0.36557504682757114,0.0012775171258749803,0.37616318832573187,0.08489463666922575,1.7705278629384278,0.0,0.18684098364066998,0.015865584129449255,0.01607759397019126,0.0,1.686351750614411,0.24886825460991296,0.2156187454566085,0.03289391602847204,0.5217134634405984,0.575006414100383,5.889439335549283,0.005247349784638378
Gene 134,0.08937239928467718,0.0,0.047644698865878285,0.11849344820796855,0.08451378321318442,0.8684243196693375,1.9703623604767349,0.0006055736641377148,0.584971001265934,0.04667413001974542,0.3780812438774606,0.017115230800810167,0.0,0.3454206743817266,0.021274597891197136,0.15242427860813273,0.09267483210843182,0.6599084415822725,4.939039229923098,0.4395695915280018
Gene 135,3.11986542556029,0.0012004843133338065,0.7153825942623406,0.0,0.38924021286763366,2.6714752982255887,0.0,0.2973349216817289,0.0029771686814940583,0.6634760713810243,0.0,0.10699018838300799,0.651254681302123,0.4511104127762709,0.23171875490697832,0.27735468095280963,0.13476566701073595,0.024502775539105744,4.419922285030209,0.6159025173878412
Gene 136,0.140731213732824,0.17168662766634832,1.4329041566010308,2.652902536810873,0.20639055312302432,0.26363317196483294,0.03067684127842975,0.3209085977217342,9.558598256026484e-05,0.045803308014423776,0.00030852771090755343,0.00011308849712621704,1.0775733598677917,0.020975238713471296,0.015257499723647974,1.1759627238822985,0.0005674533759974325,0.001909280746805197,3.950718201761461,0.0125460021678088
Gene 137,0.01875720558166603,0.7865486253030644,0.0036384076020131934,0.04433800981462559,1.1370618684292673,0.025649080992442896,0.6141918907965216,0.8247656307985896,0.1339019808220325,0.16391392578336636,0.0006768267061225785,0.10090000075024107,0.020806889425136713,0.0,0.5132297155440717,0.22764528155612448,0.0001333757016826511,0.5780057905556056,3.7872199729378444,1.061990805169639
Gene 138,0.6363800528819237,0.24568737376413194,0.362685269721679,0.006182334909626729,0.24365878746562553,1.5662050665696021,2.9614138729380097,0.0,0.12242483093694888,1.8894484876084343,0.04675958483621733,0.15228753383534585,1.1203980743829989,0.12527378982590004,0.008997133945011846,0.9062827519458854,0.03154567776095117,0.6147033430482145,3.210977457819632,0.16270771686789798
Gene 139,0.10390932018329616,2.9776223021367425,0.0032343755589714102,0.008198064431276929,0.08605272491017309,0.08082952890353726,0.0,0.97447747980344,1.0752534890834318,0.010113814282346164,0.08360562877441917,2.015025866197824,0.42775421906657385,0.14763816172612948,0.40743064680913704,0.0,0.0005258091618375096,0.00013104908397889532,4.495067868008115,0.00013362387768957532
Gene 140,0.001798128765540842,1.6730275764835572,0.0025697614743230516,0.0006687957618622016,0.0019802807601719758,1.747692559298857,0.3411803213703208,0.03544554533007847,1.8140192380197275,0.07260722384895957,0.011802891537166528,0.0014893683876285684,0.10720623799311395,0.006260992390563155,9.084100850791432e-05,0.03995574963641522,0.09555180125308392,1.2837974194392283,0.563029169222399,2.2231785793861496
Gene 141,0.04499680101185859,0.0,0.00013964456256721923,0.0713783019003349,0.727864296048211,0.19907864496370115,0.0870770809292902,0.11448384786145403,0.0458531406212171,0.0,0.8253063609461692,0.09559513162773162,0.00111966219030183,0.0,0.0723878395443892,0.004954127335510352,1.565385104863218,0.13807364596537205,0.000661292960822275,9.538978968851199
Gene 142,0.5657981065281431,0.00011376307607601117,0.0,1.8199400932862835,0.35028834331828207,0.0454769877467137,1.2451659141517688,0.008552542733276729,0.11884699156413056,0.0011985104227974664,1.9819137333055787,0.8169494845942356,0.11448059867734735,0.0004960739214217299,0.5436819319837374,2.8803142026719892,0.043442255771075404,0.0009131416588566712,0.0562127017675629,3.809724209696762
Gene 143,0.0,0.8680309761836658,0.3987330673382146,0.18459855338408032,0.7882731140110786,0.00044712579829813044,0.39685759211865507,0.1880204509394497,1.2496556310669193,0.01280647136726882,1.281753771164379,0.352753936983121,0.6941208266678822,0.005754060457774172,0.20854780628025135,1.8029328922766856,2.1696262851745285,0.08179919889964603,0.9556656926993466,7.726869260458649
Gene 144,0.2296969631067319,0.0,0.5184344265125536,0.0013342462683448857,0.7153693903530224,0.23949592572330702,0.5114719026200343,0.2251332660019067,0.01022509171643771,0.0,0.0018818096258666158,0.17159182947481938,0.00048170324361564485,1.2399826647583905,0.17357077084966832,0.0002105061027959554,3.7291810547916664,0.5698740210346078,1.3565090779172067,6.39847537710783
Gene 145,0.00013548252137802715,0.0,0.06208820622720538,0.4064902239371378,0.3907926409628788,0.18621929485481817,0.03890103830604501,0.7903820553232573,1.1634653821004088,0.0,1.1240819439983307,1.8565435222237179,1.5749629069667945,0.00011436199024270683,0.00536612137273885,0.050034022954638116,0.3285216974956286,0.013833537637553227,0.4020941693933994,4.033879867690113
Gene 146,0.008015002385888237,2.422111260013615,0.0006698530987816854,1.0349817402324903,0.4625822522785879,0.0,0.28803730365142644,0.013989469512019174,0.03487703523602084,0.5840782569455887,1.1570950650926914,1.9102238123103175,0.0,0.0017804037227889208,0.02875613160209632,0.943525684719544,0.058775524558252114,0.018352628784708343,0.09922387534095123,3.552582555301171
Gene 147,0.5694566014145831,0.5769763095497642,0.03711653343602148,0.262315507847066,0.0011890799222240883,0.2991675783447503,0.020833084537165255,0.34102393515770657,1.025875382243492,0.09014606166361466,2.5500906509225305,0.02262595561104984,0.02549148459708028,0.00026202416768771384,0.00489281356911255,0.5164497051123026,0.007003603752571132,0.0012402452568327782,0.2508355789892691,7.401077561406673
Gene 148,0.6078306877756732,3.9310184521786242,0.063495428463966,0.022637074306519067,0.02615824240484541,0.009090009678452573,0.1528026193100965,0.001932472933152828,0.008911436740384837,0.10977164172524558,0.2530594052556007,1.0902693469162725,0.023362934313502948,0.2216287759854841,3.4455808873702134,0.0036572019886584334,0.07697013186686863,0.6583456378002943,0.02603194069473564,4.825252302954889
Gene 149,0.0002541219829421631,0.2555039066928075,0.021548299755153832,0.08241977869651115,0.10990167404247314,1.7914072991346386,0.0002966094962005996,0.31199297619434796,0.16266019495858472,0.19682988951412328,3.185379764693885,1.3080212371978295,0.00024265877316648942,0.795175985721338,0.00041082169698882355,0.0003181283497186716,0.0,0.0961178349731019,0.00034396489934202895,3.257329608019952
