fov,X_present,Y_present,z_added,frac_A,frac_B,frac_C,n_cells
0,False,False,3,0.00043878894251864854,0.0,0.03905221588415972,2279
1,True,False,2,0.0,0.5067114093959731,0.028104026845637585,2384
2,False,True,3,0.4397367338543809,0.1690662278897573,0.03619909502262444,2431
3,True,False,3,0.0,0.48306813545491634,0.04079967360261118,2451
4,False,False,3,0.00043878894251864854,0.0,0.03729706011408512,2279
5,False,False,2,0.0,0.0,0.020107238605898123,2238
6,False,False,3,0.0,0.0,0.05004351610095736,2298
7,True,False,2,0.0,0.48567921440261863,0.031096563011456628,2444
8,False,True,3,0.3856669428334714,0.19386909693454846,0.03645401822700911,2414
