X,Y,Class ID,Class 0,Class 1,Class 2,Class 3,Class 4,Class 5,Class 6,Class 7,ProbClass0,ProbClass1,ProbClass2,ProbClass3,ProbClass4,ProbClass5,ProbClass6,ProbClass7,Minor Axis,Major Axis,Rotation,RNA Concentration,Color_string
606.9693959954631,302.7391123129876,5,0,0,0,0,0,1,0,0,0.0,0.0,0.0,0.0,0.0,1.0,0.0,0.0,14.697717539256605,9.211209699302735,2.7327926863019907,0.9952186740401039,"(np.float64(0.596078431372549), np.float64(0.8745098039215686), np.float64(0.5411764705882353), np.float64(1.0))"
621.2623711813071,302.81159677345033,5,0,0,0,0,0,1,0,0,0.0,0.0,0.0,0.0,0.0,1.0,0.0,0.0,13.19250913789076,10.47626812626089,3.198964256904343,0.9512131143968127,"(np.float64(0.596078431372549), np.float64(0.8745098039215686), np.float64(0.5411764705882353), np.float64(1.0))"
628.5316652919681,304.6670915381476,5,0,0,0,0,0,1,0,0,0.0,0.0,0.0,0.0,0.0,1.0,0.0,0.0,15.25807258413735,8.48610934487113,2.3576708464605693,0.9831427587396108,"(np.float64(0.596078431372549), np.float64(0.8745098039215686), np.float64(0.5411764705882353), np.float64(1.0))"
642.0142326325697,303.0397504531102,5,0,0,0,0,0,1,0,0,0.0,0.0,0.0,0.0,0.0,1.0,0.0,0.0,19.847044952490943,3.9322465445864285,3.05046302108636,1.079213896568668,"(np.float64(0.596078431372549), np.float64(0.8745098039215686), np.float64(0.5411764705882353), np.float64(1.0))"
660.2493488025065,304.4200502462767,5,0,0,0,0,0,1,0,0,0.0,0.0,0.0,0.0,0.0,1.0,0.0,0.0,15.220105255754298,8.20621412948445,4.964345205909609,1.0698740871047863,"(np.float64(0.596078431372549), np.float64(0.8745098039215686), np.float64(0.5411764705882353), np.float64(1.0))"
665.5662024945204,303.73875601899965,5,0,0,0,0,0,1,0,0,0.0,0.0,0.0,0.0,0.0,1.0,0.0,0.0,21.784338933524158,2.4340087508772483,4.221979917750089,1.06888814928117,"(np.float64(0.596078431372549), np.float64(0.8745098039215686), np.float64(0.5411764705882353), np.float64(1.0))"
678.7298603584504,303.48277649656967,5,0,0,0,0,0,1,0,0,0.0,0.0,0.0,0.0,0.0,1.0,0.0,0.0,20.24005019029357,3.3928878732100687,5.5230672028040955,1.0350253923952348,"(np.float64(0.596078431372549), np.float64(0.8745098039215686), np.float64(0.5411764705882353), np.float64(1.0))"
690.5778312694425,302.5847713696087,5,0,0,0,0,0,1,0,0,0.0,0.0,0.0,0.0,0.0,1.0,0.0,0.0,17.49789519511806,6.08026969374262,0.31459968266013943,1.0851068437743212,"(np.float64(0.596078431372549), np.float64(0.8745098039215686), np.float64(0.5411764705882353), np.float64(1.0))"
603.4688247272852,309.0699499527858,5,0,0,0,0,0,1,0,0,0.0,0.0,0.0,0.0,0.0,1.0,0.0,0.0,16.42589157234166,7.818305663254491,0.22524842343558046,0.9677347300615249,"(np.float64(0.596078431372549), np.float64(0.8745098039215686), np.float64(0.5411764705882353), np.float64(1.0))"
612.2539578492698,311.8094446404642,5,0,0,0,0,0,1,0,0,0.0,0.0,0.0,0.0,0.0,1.0,0.0,0.0,14.146262506841676,9.818346885379434,2.0738187616329546,0.9707423988713552,"(np.float64(0.596078431372549), np.float64(0.8745098039215686), np.float64(0.5411764705882353), np.float64(1.0))"
626.0915289142861,308.03881000997893,5,0,0,0,0,0,1,0,0,0.0,0.0,0.0,0.0,0.0,1.0,0.0,0.0,13.2763109531365,10.286806430967287,1.6323077809839261,1.0414399795231128,"(np.float64(0.596078431372549), np.float64(0.8745098039215686), np.float64(0.5411764705882353), np.float64(1.0))"
633.7484645497026,311.86602912207474,5,0,0,0,0,0,1,0,0,0.0,0.0,0.0,0.0,0.0,1.0,0.0,0.0,20.730957561039805,2.5776379055182272,0.275787113925607,0.9796406820247205,"(np.float64(0.596078431372549), np.float64(0.8745098039215686), np.float64(0.5411764705882353), np.float64(1.0))"
648.0770925136435,311.34594884906534,5,0,0,0,0,0,1,0,0,0.0,0.0,0.0,0.0,0.0,1.0,0.0,0.0,21.34694040422786,2.7286376944317876,1.5636279583947068,1.0316604181305866,"(np.float64(0.596078431372549), np.float64(0.8745098039215686), np.float64(0.5411764705882353), np.float64(1.0))"
654.6449661087883,311.776569545606,5,0,0,0,0,0,1,0,0,0.0,0.0,0.0,0.0,0.0,1.0,0.0,0.0,14.454611711432452,8.900491022916668,5.44157523979656,1.0296671479846433,"(np.float64(0.596078431372549), np.float64(0.8745098039215686), np.float64(0.5411764705882353), np.float64(1.0))"
666.7589108447502,311.1827799841038,5,0,0,0,0,0,1,0,0,0.0,0.0,0.0,0.0,0.0,1.0,0.0,0.0,16.39046397236118,7.4281595127760465,4.46784883023183,0.979799227894893,"(np.float64(0.596078431372549), np.float64(0.8745098039215686), np.float64(0.5411764705882353), np.float64(1.0))"
676.7507206779376,311.93890108425063,5,0,0,0,0,0,1,0,0,0.0,0.0,0.0,0.0,0.0,1.0,0.0,0.0,19.24281066569372,4.566660677796075,5.385905029126195,1.0816902588068902,"(np.float64(0.596078431372549), np.float64(0.8745098039215686), np.float64(0.5411764705882353), np.float64(1.0))"
683.2371524191464,309.569700507633,5,0,0,0,0,0,1,0,0,0.0,0.0,0.0,0.0,0.0,1.0,0.0,0.0,18.81071955046693,5.389145886338488,5.208791258851296,0.9408061781292654,"(np.float64(0.596078431372549), np.float64(0.8745098039215686), np.float64(0.5411764705882353), np.float64(1.0))"
692.6144646082897,314.1769666281897,5,0,0,0,0,0,1,0,0,0.0,0.0,0.0,0.0,0.0,1.0,0.0,0.0,7.483916136917735,16.468193866754206,1.3234588881574136,0.9034910626974249,"(np.float64(0.596078431372549), np.float64(0.8745098039215686), np.float64(0.5411764705882353), np.float64(1.0))"
601.6778969227621,320.7387762228914,5,0,0,0,0,0,1,0,0,0.0,0.0,0.0,0.0,0.0,1.0,0.0,0.0,22.6976798333405,1.479620680259068,1.9674864185146272,0.9537904066387929,"(np.float64(0.596078431372549), np.float64(0.8745098039215686), np.float64(0.5411764705882353), np.float64(1.0))"
604.130987579355,321.48491587006623,5,0,0,0,0,0,1,0,0,0.0,0.0,0.0,0.0,0.0,1.0,0.0,0.0,16.078960655680934,8.373040961051116,3.005285507993297,0.9819361883372592,"(np.float64(0.596078431372549), np.float64(0.8745098039215686), np.float64(0.5411764705882353), np.float64(1.0))"
619.2702631315115,319.12287338307453,5,0,0,0,0,0,1,0,0,0.0,0.0,0.0,0.0,0.0,1.0,0.0,0.0,18.564536013313045,5.398343924548076,1.1149087030390068,1.0215261238286923,"(np.float64(0.596078431372549), np.float64(0.8745098039215686), np.float64(0.5411764705882353), np.float64(1.0))"
632.8516221840821,320.62748745495793,5,0,0,0,0,0,1,0,0,0.0,0.0,0.0,0.0,0.0,1.0,0.0,0.0,18.530970139895498,5.260990841109068,4.450229176179071,0.9475634104632059,"(np.float64(0.596078431372549), np.float64(0.8745098039215686), np.float64(0.5411764705882353), np.float64(1.0))"
641.1698991836458,319.815175082464,5,0,0,0,0,0,1,0,0,0.0,0.0,0.0,0.0,0.0,1.0,0.0,0.0,24.732871130014427,-0.27063105590972625,5.21123641585377,0.9950369666678908,"(np.float64(0.596078431372549), np.float64(0.8745098039215686), np.float64(0.5411764705882353), np.float64(1.0))"
648.4720853931467,317.6931490001764,5,0,0,0,0,0,1,0,0,0.0,0.0,0.0,0.0,0.0,1.0,0.0,0.0,21.637590728248195,2.4248713409139975,1.8400062743289123,1.0296457896195523,"(np.float64(0.596078431372549), np.float64(0.8745098039215686), np.float64(0.5411764705882353), np.float64(1.0))"
659.9556395835442,319.62883941156576,5,0,0,0,0,0,1,0,0,0.0,0.0,0.0,0.0,0.0,1.0,0.0,0.0,21.737842925428904,2.0233464266454635,6.117926960015114,0.9680713828994343,"(np.float64(0.596078431372549), np.float64(0.8745098039215686), np.float64(0.5411764705882353), np.float64(1.0))"
670.1757005533973,317.21319097382934,5,0,0,0,0,0,1,0,0,0.0,0.0,0.0,0.0,0.0,1.0,0.0,0.0,17.224314026954776,6.87051139623876,0.11550859247393762,0.9599299489958663,"(np.float64(0.596078431372549), np.float64(0.8745098039215686), np.float64(0.5411764705882353), np.float64(1.0))"
679.8815921389316,322.02281301458845,5,0,0,0,0,0,1,0,0,0.0,0.0,0.0,0.0,0.0,1.0,0.0,0.0,15.636494791011211,8.667339271649714,4.758451953050402,1.0524782510333954,"(np.float64(0.596078431372549), np.float64(0.8745098039215686), np.float64(0.5411764705882353), np.float64(1.0))"
689.8209925236592,320.90705251404637,5,0,0,0,0,0,1,0,0,0.0,0.0,0.0,0.0,0.0,1.0,0.0,0.0,17.06105738967031,6.611422588516259,3.754609964916599,1.130213264710164,"(np.float64(0.596078431372549), np.float64(0.8745098039215686), np.float64(0.5411764705882353), np.float64(1.0))"
607.6555264524206,328.25763332033995,5,0,0,0,0,0,1,0,0,0.0,0.0,0.0,0.0,0.0,1.0,0.0,0.0,20.690701891642696,3.4969223287193634,1.9992704492654056,0.9826892665556691,"(np.float64(0.596078431372549), np.float64(0.8745098039215686), np.float64(0.5411764705882353), np.float64(1.0))"
614.6489656873231,326.85021361581926,5,0,0,0,0,0,1,0,0,0.0,0.0,0.0,0.0,0.0,1.0,0.0,0.0,19.21455953981359,5.223221700860487,4.886201675588866,1.0330000175777445,"(np.float64(0.596078431372549), np.float64(0.8745098039215686), np.float64(0.5411764705882353), np.float64(1.0))"
620.8512541915416,327.5787997525037,5,0,0,0,0,0,1,0,0,0.0,0.0,0.0,0.0,0.0,1.0,0.0,0.0,17.153382777905936,6.853829158137888,6.156320348075475,0.9154618258361652,"(np.float64(0.596078431372549), np.float64(0.8745098039215686), np.float64(0.5411764705882353), np.float64(1.0))"
635.015108020493,326.8509193409096,5,0,0,0,0,0,1,0,0,0.0,0.0,0.0,0.0,0.0,1.0,0.0,0.0,17.318709122918293,6.816344279939367,0.0485169057082212,1.0555608405113637,"(np.float64(0.596078431372549), np.float64(0.8745098039215686), np.float64(0.5411764705882353), np.float64(1.0))"
645.8859071903066,330.04257842954394,5,0,0,0,0,0,1,0,0,0.0,0.0,0.0,0.0,0.0,1.0,0.0,0.0,15.459134095721117,9.132166739465019,0.8239209584884634,1.0410237136169966,"(np.float64(0.596078431372549), np.float64(0.8745098039215686), np.float64(0.5411764705882353), np.float64(1.0))"
653.6109237026136,329.5174309885588,5,0,0,0,0,0,1,0,0,0.0,0.0,0.0,0.0,0.0,1.0,0.0,0.0,21.017457752774394,3.3419725576791626,1.9705611711065947,1.01992186195191,"(np.float64(0.596078431372549), np.float64(0.8745098039215686), np.float64(0.5411764705882353), np.float64(1.0))"
667.1316127851516,330.1757016792836,5,0,0,0,0,0,1,0,0,0.0,0.0,0.0,0.0,0.0,1.0,0.0,0.0,15.354582904395073,9.588606844799788,0.06690717046504516,0.8851309247619676,"(np.float64(0.596078431372549), np.float64(0.8745098039215686), np.float64(0.5411764705882353), np.float64(1.0))"
673.7431509678437,331.990987708591,5,0,0,0,0,0,1,0,0,0.0,0.0,0.0,0.0,0.0,1.0,0.0,0.0,22.37208484233835,2.0213119125131356,1.9875491053120742,0.9936773495252169,"(np.float64(0.596078431372549), np.float64(0.8745098039215686), np.float64(0.5411764705882353), np.float64(1.0))"
685.2967332410145,330.6293779029535,5,0,0,0,0,0,1,0,0,0.0,0.0,0.0,0.0,0.0,1.0,0.0,0.0,20.810214894074438,3.0249688467448403,4.768388347831783,0.9860523316848876,"(np.float64(0.596078431372549), np.float64(0.8745098039215686), np.float64(0.5411764705882353), np.float64(1.0))"
698.6044702053183,325.7641191060139,5,0,0,0,0,0,1,0,0,0.0,0.0,0.0,0.0,0.0,1.0,0.0,0.0,24.327755432987274,-0.08195910296409285,2.186014186551697,0.9669192332903054,"(np.float64(0.596078431372549), np.float64(0.8745098039215686), np.float64(0.5411764705882353), np.float64(1.0))"
602.2876643856334,337.7740095445164,5,0,0,0,0,0,1,0,0,0.0,0.0,0.0,0.0,0.0,1.0,0.0,0.0,10.268987096391482,13.613228646216449,1.5301063307373344,0.9124110081284773,"(np.float64(0.596078431372549), np.float64(0.8745098039215686), np.float64(0.5411764705882353), np.float64(1.0))"
610.7384781937074,337.9374364648774,5,0,0,0,0,0,1,0,0,0.0,0.0,0.0,0.0,0.0,1.0,0.0,0.0,15.818278100787737,8.420997166009776,1.9715578763768242,0.9694392554213674,"(np.float64(0.596078431372549), np.float64(0.8745098039215686), np.float64(0.5411764705882353), np.float64(1.0))"
620.8972954095777,336.54514303455755,5,0,0,0,0,0,1,0,0,0.0,0.0,0.0,0.0,0.0,1.0,0.0,0.0,21.25877237709336,2.460477275671481,3.499040806371477,0.9438803079710834,"(np.float64(0.596078431372549), np.float64(0.8745098039215686), np.float64(0.5411764705882353), np.float64(1.0))"
631.1947002899526,341.0581874755195,5,0,0,0,0,0,1,0,0,0.0,0.0,0.0,0.0,0.0,1.0,0.0,0.0,13.477397179131396,10.771627995495598,4.03432203708982,1.001232366908745,"(np.float64(0.596078431372549), np.float64(0.8745098039215686), np.float64(0.5411764705882353), np.float64(1.0))"
637.7507312310775,338.1392543937431,5,0,0,0,0,0,1,0,0,0.0,0.0,0.0,0.0,0.0,1.0,0.0,0.0,20.66901826089268,3.8262592471914885,2.141133686088408,0.9212588825770689,"(np.float64(0.596078431372549), np.float64(0.8745098039215686), np.float64(0.5411764705882353), np.float64(1.0))"
654.0879815180472,336.6725461037388,5,0,0,0,0,0,1,0,0,0.0,0.0,0.0,0.0,0.0,1.0,0.0,0.0,17.946878962106183,6.115293904617886,1.1048078620389619,0.9954343627891125,"(np.float64(0.596078431372549), np.float64(0.8745098039215686), np.float64(0.5411764705882353), np.float64(1.0))"
659.1298080480248,336.86240475219387,5,0,0,0,0,0,1,0,0,0.0,0.0,0.0,0.0,0.0,1.0,0.0,0.0,22.56015013074279,1.6754909551773731,3.728243416859313,0.9491750892274714,"(np.float64(0.596078431372549), np.float64(0.8745098039215686), np.float64(0.5411764705882353), np.float64(1.0))"
670.1593771285472,341.5647674904861,5,0,0,0,0,0,1,0,0,0.0,0.0,0.0,0.0,0.0,1.0,0.0,0.0,17.576949017259246,6.728800944817829,2.3849190467398875,1.044664744020707,"(np.float64(0.596078431372549), np.float64(0.8745098039215686), np.float64(0.5411764705882353), np.float64(1.0))"
676.913077609131,335.5108460567055,5,0,0,0,0,0,1,0,0,0.0,0.0,0.0,0.0,0.0,1.0,0.0,0.0,15.58871699994843,9.14893323543897,3.5913550351652774,0.9934377926360428,"(np.float64(0.596078431372549), np.float64(0.8745098039215686), np.float64(0.5411764705882353), np.float64(1.0))"
689.6057935693735,335.8239277861468,5,0,0,0,0,0,1,0,0,0.0,0.0,0.0,0.0,0.0,1.0,0.0,0.0,20.831333812449785,3.173667771995486,5.067901815624464,1.042716369814384,"(np.float64(0.596078431372549), np.float64(0.8745098039215686), np.float64(0.5411764705882353), np.float64(1.0))"
698.0877366772083,337.5395569511416,5,0,0,0,0,0,1,0,0,0.0,0.0,0.0,0.0,0.0,1.0,0.0,0.0,9.892434314825488,13.941569915577725,2.75357013134337,0.9894934608132089,"(np.float64(0.596078431372549), np.float64(0.8745098039215686), np.float64(0.5411764705882353), np.float64(1.0))"
606.3247193806337,345.5429676279219,5,0,0,0,0,0,1,0,0,0.0,0.0,0.0,0.0,0.0,1.0,0.0,0.0,24.941204185761016,-0.47395259342609075,4.326555766442306,0.938658021791638,"(np.float64(0.596078431372549), np.float64(0.8745098039215686), np.float64(0.5411764705882353), np.float64(1.0))"
612.752760905303,347.3247462252433,5,0,0,0,0,0,1,0,0,0.0,0.0,0.0,0.0,0.0,1.0,0.0,0.0,21.369333047809878,3.195180731736822,1.7820384675185972,1.0084582188516074,"(np.float64(0.596078431372549), np.float64(0.8745098039215686), np.float64(0.5411764705882353), np.float64(1.0))"
626.5277615934667,343.9758768354866,5,0,0,0,0,0,1,0,0,0.0,0.0,0.0,0.0,0.0,1.0,0.0,0.0,18.34666410911942,5.616689042470012,0.0828863083324036,1.0238158764604113,"(np.float64(0.596078431372549), np.float64(0.8745098039215686), np.float64(0.5411764705882353), np.float64(1.0))"
635.4008021227086,348.59611250901236,5,0,0,0,0,0,1,0,0,0.0,0.0,0.0,0.0,0.0,1.0,0.0,0.0,16.84979588306196,7.084705812361375,0.172277847246529,1.0115816167091491,"(np.float64(0.596078431372549), np.float64(0.8745098039215686), np.float64(0.5411764705882353), np.float64(1.0))"
644.4776381797698,349.55429833913195,5,0,0,0,0,0,1,0,0,0.0,0.0,0.0,0.0,0.0,1.0,0.0,0.0,21.91218920929042,2.1610915181884685,1.1213776769427009,1.051371201512832,"(np.float64(0.596078431372549), np.float64(0.8745098039215686), np.float64(0.5411764705882353), np.float64(1.0))"
656.495637117492,343.2932853618417,5,0,0,0,0,0,1,0,0,0.0,0.0,0.0,0.0,0.0,1.0,0.0,0.0,13.472938618111103,10.197544350177742,1.944998472942667,0.9858231682712326,"(np.float64(0.596078431372549), np.float64(0.8745098039215686), np.float64(0.5411764705882353), np.float64(1.0))"
665.0724963939515,349.20781513544114,5,0,0,0,0,0,1,0,0,0.0,0.0,0.0,0.0,0.0,1.0,0.0,0.0,11.783677338568651,12.516171806219727,1.4682930904357447,1.034330830840493,"(np.float64(0.596078431372549), np.float64(0.8745098039215686), np.float64(0.5411764705882353), np.float64(1.0))"
677.959361781857,343.3649969336711,5,0,0,0,0,0,1,0,0,0.0,0.0,0.0,0.0,0.0,1.0,0.0,0.0,17.618805461865698,6.722356208604547,0.8697121268550934,0.9539195555388438,"(np.float64(0.596078431372549), np.float64(0.8745098039215686), np.float64(0.5411764705882353), np.float64(1.0))"
683.673978092125,347.76398037950923,5,0,0,0,0,0,1,0,0,0.0,0.0,0.0,0.0,0.0,1.0,0.0,0.0,19.650908476243657,4.520888802613818,0.4896174991681918,1.0594780922703464,"(np.float64(0.596078431372549), np.float64(0.8745098039215686), np.float64(0.5411764705882353), np.float64(1.0))"
695.0996722205385,349.1921669938857,5,0,0,0,0,0,1,0,0,0.0,0.0,0.0,0.0,0.0,1.0,0.0,0.0,18.141550825511114,6.571074566618045,2.150288938816077,0.9979398144580729,"(np.float64(0.596078431372549), np.float64(0.8745098039215686), np.float64(0.5411764705882353), np.float64(1.0))"
601.0691368549302,351.67637145567386,5,0,0,0,0,0,1,0,0,0.0,0.0,0.0,0.0,0.0,1.0,0.0,0.0,15.121816324555247,9.946968123002652,3.200623867383265,0.9454950453672929,"(np.float64(0.596078431372549), np.float64(0.8745098039215686), np.float64(0.5411764705882353), np.float64(1.0))"
612.325555047443,354.19325433003314,5,0,0,0,0,0,1,0,0,0.0,0.0,0.0,0.0,0.0,1.0,0.0,0.0,23.896700695176328,-0.3504498724902738,6.050131945164577,0.9915048205661016,"(np.float64(0.596078431372549), np.float64(0.8745098039215686), np.float64(0.5411764705882353), np.float64(1.0))"
620.3023567891086,355.36741430619526,5,0,0,0,0,0,1,0,0,0.0,0.0,0.0,0.0,0.0,1.0,0.0,0.0,18.137403422075995,5.843649850807821,3.886158763242291,1.031837806529921,"(np.float64(0.596078431372549), np.float64(0.8745098039215686), np.float64(0.5411764705882353), np.float64(1.0))"
631.3169391919532,356.88869058446636,5,0,0,0,0,0,1,0,0,0.0,0.0,0.0,0.0,0.0,1.0,0.0,0.0,18.853428219575704,5.7444572399842695,2.1391191852146334,1.0360294372611514,"(np.float64(0.596078431372549), np.float64(0.8745098039215686), np.float64(0.5411764705882353), np.float64(1.0))"
638.9649545298176,348.8805078953912,5,0,0,0,0,0,1,0,0,0.0,0.0,0.0,0.0,0.0,1.0,0.0,0.0,16.595438536353143,7.501672052976902,1.4966482655429236,0.9764315815550145,"(np.float64(0.596078431372549), np.float64(0.8745098039215686), np.float64(0.5411764705882353), np.float64(1.0))"
647.9486403132136,356.890682241231,5,0,0,0,0,0,1,0,0,0.0,0.0,0.0,0.0,0.0,1.0,0.0,0.0,19.15087550693314,5.1468642706204095,2.8381946989253373,0.9912970698022034,"(np.float64(0.596078431372549), np.float64(0.8745098039215686), np.float64(0.5411764705882353), np.float64(1.0))"
660.7754596720239,356.29053537249064,5,0,0,0,0,0,1,0,0,0.0,0.0,0.0,0.0,0.0,1.0,0.0,0.0,22.657834033539594,1.5911752180128365,4.987345956093061,0.9755505501541349,"(np.float64(0.596078431372549), np.float64(0.8745098039215686), np.float64(0.5411764705882353), np.float64(1.0))"
671.3778675481469,358.96128491175676,5,0,0,0,0,0,1,0,0,0.0,0.0,0.0,0.0,0.0,1.0,0.0,0.0,16.134263708695535,8.510263937390457,1.1091221051546825,0.9222352354633665,"(np.float64(0.596078431372549), np.float64(0.8745098039215686), np.float64(0.5411764705882353), np.float64(1.0))"
676.6977531348406,355.16534693899126,5,0,0,0,0,0,1,0,0,0.0,0.0,0.0,0.0,0.0,1.0,0.0,0.0,14.406760050959088,9.041132143690449,5.980657326366471,1.0093074515214595,"(np.float64(0.596078431372549), np.float64(0.8745098039215686), np.float64(0.5411764705882353), np.float64(1.0))"
689.7218174840953,356.1836920535821,5,0,0,0,0,0,1,0,0,0.0,0.0,0.0,0.0,0.0,1.0,0.0,0.0,17.418237202839997,6.422767220200227,4.221051880053522,1.1318385910745417,"(np.float64(0.596078431372549), np.float64(0.8745098039215686), np.float64(0.5411764705882353), np.float64(1.0))"
616.6090508303646,362.1934818465499,5,0,0,0,0,0,1,0,0,0.0,0.0,0.0,0.0,0.0,1.0,0.0,0.0,22.72672864549296,0.9782062374231283,4.211189809146067,0.975110554611397,"(np.float64(0.596078431372549), np.float64(0.8745098039215686), np.float64(0.5411764705882353), np.float64(1.0))"
626.928266588308,361.51315937757323,5,0,0,0,0,0,1,0,0,0.0,0.0,0.0,0.0,0.0,1.0,0.0,0.0,22.745160201374812,1.568335735923844,4.925748838351695,1.058697416160344,"(np.float64(0.596078431372549), np.float64(0.8745098039215686), np.float64(0.5411764705882353), np.float64(1.0))"
637.0930076463507,362.67388657164616,5,0,0,0,0,0,1,0,0,0.0,0.0,0.0,0.0,0.0,1.0,0.0,0.0,13.10091260656607,11.284504154380667,2.1592584411866076,1.0118809233639887,"(np.float64(0.596078431372549), np.float64(0.8745098039215686), np.float64(0.5411764705882353), np.float64(1.0))"
644.8908272075104,363.2142144456592,5,0,0,0,0,0,1,0,0,0.0,0.0,0.0,0.0,0.0,1.0,0.0,0.0,20.627940016497853,3.617676623426455,1.8293111439803218,1.0787877468187848,"(np.float64(0.596078431372549), np.float64(0.8745098039215686), np.float64(0.5411764705882353), np.float64(1.0))"
654.0624534094012,364.66094101003705,5,0,0,0,0,0,1,0,0,0.0,0.0,0.0,0.0,0.0,1.0,0.0,0.0,12.213393176987907,11.431922178448726,1.0391430514685007,1.0345364024546564,"(np.float64(0.596078431372549), np.float64(0.8745098039215686), np.float64(0.5411764705882353), np.float64(1.0))"
661.635175784511,363.05122983416095,5,0,0,0,0,0,1,0,0,0.0,0.0,0.0,0.0,0.0,1.0,0.0,0.0,11.442869083685443,12.419398643516763,3.3805827934326964,0.9515738065591739,"(np.float64(0.596078431372549), np.float64(0.8745098039215686), np.float64(0.5411764705882353), np.float64(1.0))"
673.8721422004697,358.90041882783186,5,0,0,0,0,0,1,0,0,0.0,0.0,0.0,0.0,0.0,1.0,0.0,0.0,15.508269724574765,8.534400788793912,0.5181491804520217,1.0522777654308368,"(np.float64(0.596078431372549), np.float64(0.8745098039215686), np.float64(0.5411764705882353), np.float64(1.0))"
683.7949387212632,364.45393741296095,5,0,0,0,0,0,1,0,0,0.0,0.0,0.0,0.0,0.0,1.0,0.0,0.0,21.67821790465222,1.8085440985912318,2.5892974898515697,1.0239761620775711,"(np.float64(0.596078431372549), np.float64(0.8745098039215686), np.float64(0.5411764705882353), np.float64(1.0))"
694.1685310429258,363.67760821366517,5,0,0,0,0,0,1,0,0,0.0,0.0,0.0,0.0,0.0,1.0,0.0,0.0,16.835414893744467,7.998263420319096,1.7047475909672456,1.0817082812546577,"(np.float64(0.596078431372549), np.float64(0.8745098039215686), np.float64(0.5411764705882353), np.float64(1.0))"
641.6123921524021,372.23540497761104,5,0,0,0,0,0,1,0,0,0.0,0.0,0.0,0.0,0.0,1.0,0.0,0.0,6.890549875595474,16.907755385365927,2.9168799108331935,0.9737064033292613,"(np.float64(0.596078431372549), np.float64(0.8745098039215686), np.float64(0.5411764705882353), np.float64(1.0))"
652.4636063230283,371.56667807253353,5,0,0,0,0,0,1,0,0,0.0,0.0,0.0,0.0,0.0,1.0,0.0,0.0,19.06895375822512,4.9268339313411325,4.49789107357957,0.9796038456725313,"(np.float64(0.596078431372549), np.float64(0.8745098039215686), np.float64(0.5411764705882353), np.float64(1.0))"
658.1865183240473,371.79587399377374,5,0,0,0,0,0,1,0,0,0.0,0.0,0.0,0.0,0.0,1.0,0.0,0.0,15.70761451609583,8.69216266165374,5.482412842369256,0.9935024426934176,"(np.float64(0.596078431372549), np.float64(0.8745098039215686), np.float64(0.5411764705882353), np.float64(1.0))"
671.3680532563461,372.6495179663501,5,0,0,0,0,0,1,0,0,0.0,0.0,0.0,0.0,0.0,1.0,0.0,0.0,18.72054494891196,4.833214779315746,4.03278995686373,0.9641347516992573,"(np.float64(0.596078431372549), np.float64(0.8745098039215686), np.float64(0.5411764705882353), np.float64(1.0))"
678.5143451765305,369.5285825261428,5,0,0,0,0,0,1,0,0,0.0,0.0,0.0,0.0,0.0,1.0,0.0,0.0,23.722098325080097,0.2026540412220289,0.9109349718704597,1.0536668719791484,"(np.float64(0.596078431372549), np.float64(0.8745098039215686), np.float64(0.5411764705882353), np.float64(1.0))"
691.2593629536103,375.3686511380542,5,0,0,0,0,0,1,0,0,0.0,0.0,0.0,0.0,0.0,1.0,0.0,0.0,13.154243679205958,10.362969791392317,4.593035058068611,0.9814998974083164,"(np.float64(0.596078431372549), np.float64(0.8745098039215686), np.float64(0.5411764705882353), np.float64(1.0))"
697.6217940075328,370.9531572248446,5,0,0,0,0,0,1,0,0,0.0,0.0,0.0,0.0,0.0,1.0,0.0,0.0,20.133974751020286,3.892364971753998,2.6264099659390614,1.0207028452048197,"(np.float64(0.596078431372549), np.float64(0.8745098039215686), np.float64(0.5411764705882353), np.float64(1.0))"
665.8845850514896,378.7127804287607,5,0,0,0,0,0,1,0,0,0.0,0.0,0.0,0.0,0.0,1.0,0.0,0.0,12.606836594156514,11.623296466794143,4.042853656714397,1.0388751620345016,"(np.float64(0.596078431372549), np.float64(0.8745098039215686), np.float64(0.5411764705882353), np.float64(1.0))"
675.9895908384615,379.16494152564275,5,0,0,0,0,0,1,0,0,0.0,0.0,0.0,0.0,0.0,1.0,0.0,0.0,17.89023346742419,5.900765610850522,3.4106799849813796,0.9622854760377852,"(np.float64(0.596078431372549), np.float64(0.8745098039215686), np.float64(0.5411764705882353), np.float64(1.0))"
683.665840321149,380.9349388211662,5,0,0,0,0,0,1,0,0,0.0,0.0,0.0,0.0,0.0,1.0,0.0,0.0,15.818197737991317,8.308193399583311,5.8203367173903855,1.0560222191410324,"(np.float64(0.596078431372549), np.float64(0.8745098039215686), np.float64(0.5411764705882353), np.float64(1.0))"
695.790563982528,381.83499629850655,5,0,0,0,0,0,1,0,0,0.0,0.0,0.0,0.0,0.0,1.0,0.0,0.0,22.24038954931745,1.1086153930180065,0.5044662821468834,0.984968194637296,"(np.float64(0.596078431372549), np.float64(0.8745098039215686), np.float64(0.5411764705882353), np.float64(1.0))"
683.8400224042124,388.93202007588025,5,0,0,0,0,0,1,0,0,0.0,0.0,0.0,0.0,0.0,1.0,0.0,0.0,14.845214266440918,8.592240602488753,3.2820944465283923,0.9972446237966457,"(np.float64(0.596078431372549), np.float64(0.8745098039215686), np.float64(0.5411764705882353), np.float64(1.0))"
691.8388582770332,390.2967109292295,5,0,0,0,0,0,1,0,0,0.0,0.0,0.0,0.0,0.0,1.0,0.0,0.0,21.473035878060276,3.148856781906685,4.494739743883302,1.0150374285221426,"(np.float64(0.596078431372549), np.float64(0.8745098039215686), np.float64(0.5411764705882353), np.float64(1.0))"
697.7195141376833,392.58247159188517,5,0,0,0,0,0,1,0,0,0.0,0.0,0.0,0.0,0.0,1.0,0.0,0.0,14.311240359490222,8.948133419814985,0.2640646738916996,0.9782523743337119,"(np.float64(0.596078431372549), np.float64(0.8745098039215686), np.float64(0.5411764705882353), np.float64(1.0))"
697.4353564664564,396.760170006728,5,0,0,0,0,0,1,0,0,0.0,0.0,0.0,0.0,0.0,1.0,0.0,0.0,15.160240936333013,8.942020735825396,1.9801977913679694,1.060519652665109,"(np.float64(0.596078431372549), np.float64(0.8745098039215686), np.float64(0.5411764705882353), np.float64(1.0))"
604.8508196838986,362.19382509214876,4,0,0,0,0,1,0,0,0,0.0,0.0,0.0,0.0,1.0,0.0,0.0,0.0,13.298530325947121,10.946130193742084,3.2400619965160704,1.0274160836772863,"(np.float64(0.17254901960784313), np.float64(0.6274509803921569), np.float64(0.17254901960784313), np.float64(1.0))"
614.8926320338729,366.78145931119406,4,0,0,0,0,1,0,0,0,0.0,0.0,0.0,0.0,1.0,0.0,0.0,0.0,15.078601107834958,8.649159667537079,0.16728569440753074,1.0489389870994783,"(np.float64(0.17254901960784313), np.float64(0.6274509803921569), np.float64(0.17254901960784313), np.float64(1.0))"
609.1658285394499,371.5175211109963,4,0,0,0,0,1,0,0,0,0.0,0.0,0.0,0.0,1.0,0.0,0.0,0.0,24.108137330482297,-0.5880336394707533,2.878420034268941,1.0554292567371986,"(np.float64(0.17254901960784313), np.float64(0.6274509803921569), np.float64(0.17254901960784313), np.float64(1.0))"
618.4677688021546,373.56702831043225,4,0,0,0,0,1,0,0,0,0.0,0.0,0.0,0.0,1.0,0.0,0.0,0.0,21.36910563249118,2.2272118508337924,0.7835868175256844,0.9945053056231936,"(np.float64(0.17254901960784313), np.float64(0.6274509803921569), np.float64(0.17254901960784313), np.float64(1.0))"
603.7621456381158,380.3392110460045,4,0,0,0,0,1,0,0,0,0.0,0.0,0.0,0.0,1.0,0.0,0.0,0.0,20.43008770330453,3.620689402237052,3.0637476127994034,0.9431457326924829,"(np.float64(0.17254901960784313), np.float64(0.6274509803921569), np.float64(0.17254901960784313), np.float64(1.0))"
614.7337090513435,379.3562515135733,4,0,0,0,0,1,0,0,0,0.0,0.0,0.0,0.0,1.0,0.0,0.0,0.0,18.447333334156195,5.605812321809076,4.687809889536586,1.0173469552897727,"(np.float64(0.17254901960784313), np.float64(0.6274509803921569), np.float64(0.17254901960784313), np.float64(1.0))"
626.4702703090753,379.91990888492535,4,0,0,0,0,1,0,0,0,0.0,0.0,0.0,0.0,1.0,0.0,0.0,0.0,14.842282514475984,9.148791082860326,5.691162204456858,0.9214784822590725,"(np.float64(0.17254901960784313), np.float64(0.6274509803921569), np.float64(0.17254901960784313), np.float64(1.0))"
633.1169232681049,381.71927581242375,4,0,0,0,0,1,0,0,0,0.0,0.0,0.0,0.0,1.0,0.0,0.0,0.0,15.215813100643329,8.616885354739614,1.9253827815789821,1.0501014259778814,"(np.float64(0.17254901960784313), np.float64(0.6274509803921569), np.float64(0.17254901960784313), np.float64(1.0))"
645.83201487273,380.80166740183523,4,0,0,0,0,1,0,0,0,0.0,0.0,0.0,0.0,1.0,0.0,0.0,0.0,20.662493132465826,3.989291609018259,1.1870927071858612,1.0074713158042221,"(np.float64(0.17254901960784313), np.float64(0.6274509803921569), np.float64(0.17254901960784313), np.float64(1.0))"
652.3167908102483,379.7060225891302,4,0,0,0,0,1,0,0,0,0.0,0.0,0.0,0.0,1.0,0.0,0.0,0.0,15.261683694192316,9.150627719119141,3.3237899564782847,0.9016781041010504,"(np.float64(0.17254901960784313), np.float64(0.6274509803921569), np.float64(0.17254901960784313), np.float64(1.0))"
602.1620098841307,387.427073521644,4,0,0,0,0,1,0,0,0,0.0,0.0,0.0,0.0,1.0,0.0,0.0,0.0,17.651334444712113,6.865546618000872,5.846291260303136,0.960013165837044,"(np.float64(0.17254901960784313), np.float64(0.6274509803921569), np.float64(0.17254901960784313), np.float64(1.0))"
610.6559049391793,391.98833426895123,4,0,0,0,0,1,0,0,0,0.0,0.0,0.0,0.0,1.0,0.0,0.0,0.0,21.5276371556995,2.0669145002069897,3.4032040397966865,1.001272355781967,"(np.float64(0.17254901960784313), np.float64(0.6274509803921569), np.float64(0.17254901960784313), np.float64(1.0))"
619.7712224839478,389.4029547191532,4,0,0,0,0,1,0,0,0,0.0,0.0,0.0,0.0,1.0,0.0,0.0,0.0,16.47172280258731,8.053414280670802,5.755950390179869,0.9902645427980571,"(np.float64(0.17254901960784313), np.float64(0.6274509803921569), np.float64(0.17254901960784313), np.float64(1.0))"
629.7653254126695,390.4103982450278,4,0,0,0,0,1,0,0,0,0.0,0.0,0.0,0.0,1.0,0.0,0.0,0.0,15.110145590755506,9.398306015434917,5.1350838261170955,0.9689343083153946,"(np.float64(0.17254901960784313), np.float64(0.6274509803921569), np.float64(0.17254901960784313), np.float64(1.0))"
642.930831665572,387.72689729578923,4,0,0,0,0,1,0,0,0,0.0,0.0,0.0,0.0,1.0,0.0,0.0,0.0,21.282002993203236,3.443709078151702,1.340886196805583,1.016350826111833,"(np.float64(0.17254901960784313), np.float64(0.6274509803921569), np.float64(0.17254901960784313), np.float64(1.0))"
647.2156800023439,387.92076342670293,4,0,0,0,0,1,0,0,0,0.0,0.0,0.0,0.0,1.0,0.0,0.0,0.0,12.618797103450811,11.84273888705563,5.711534560873744,0.9524161096046185,"(np.float64(0.17254901960784313), np.float64(0.6274509803921569), np.float64(0.17254901960784313), np.float64(1.0))"
659.6392298132643,390.0419317806308,4,0,0,0,0,1,0,0,0,0.0,0.0,0.0,0.0,1.0,0.0,0.0,0.0,22.215227210753678,1.8306816011498284,2.323534903878528,1.0527393991007328,"(np.float64(0.17254901960784313), np.float64(0.6274509803921569), np.float64(0.17254901960784313), np.float64(1.0))"
668.8260965963091,389.0364969668456,4,0,0,0,0,1,0,0,0,0.0,0.0,0.0,0.0,1.0,0.0,0.0,0.0,13.145212713891318,11.234872011103796,0.25505510641461476,1.0405719529601494,"(np.float64(0.17254901960784313), np.float64(0.6274509803921569), np.float64(0.17254901960784313), np.float64(1.0))"
677.7157272892279,390.9202507472514,4,0,0,0,0,1,0,0,0,0.0,0.0,0.0,0.0,1.0,0.0,0.0,0.0,16.159892130569254,8.083079500893067,2.6972466785836815,0.9964809994285978,"(np.float64(0.17254901960784313), np.float64(0.6274509803921569), np.float64(0.17254901960784313), np.float64(1.0))"
604.6278508507924,398.59605832871387,4,0,0,0,0,1,0,0,0,0.0,0.0,0.0,0.0,1.0,0.0,0.0,0.0,18.91325799774666,4.647864559427085,0.46401475013394716,1.0639022001101595,"(np.float64(0.17254901960784313), np.float64(0.6274509803921569), np.float64(0.17254901960784313), np.float64(1.0))"
615.4426356871687,399.1062662532514,4,0,0,0,0,1,0,0,0,0.0,0.0,0.0,0.0,1.0,0.0,0.0,0.0,22.653064196307373,1.3709963909201386,5.763527496127657,0.9755280265379445,"(np.float64(0.17254901960784313), np.float64(0.6274509803921569), np.float64(0.17254901960784313), np.float64(1.0))"
624.8889110177051,397.51742537223237,4,0,0,0,0,1,0,0,0,0.0,0.0,0.0,0.0,1.0,0.0,0.0,0.0,18.047741927651103,5.498329736334965,0.029605539635695274,0.9582362815823949,"(np.float64(0.17254901960784313), np.float64(0.6274509803921569), np.float64(0.17254901960784313), np.float64(1.0))"
633.8621944377015,397.5765326362957,4,0,0,0,0,1,0,0,0,0.0,0.0,0.0,0.0,1.0,0.0,0.0,0.0,19.608915809315963,4.716519698505341,3.561364587352672,0.9523208056287331,"(np.float64(0.17254901960784313), np.float64(0.6274509803921569), np.float64(0.17254901960784313), np.float64(1.0))"
644.3875421843204,397.7424436399898,4,0,0,0,0,1,0,0,0,0.0,0.0,0.0,0.0,1.0,0.0,0.0,0.0,19.679340595377955,4.533482177143875,4.540816139674988,1.0040903229295055,"(np.float64(0.17254901960784313), np.float64(0.6274509803921569), np.float64(0.17254901960784313), np.float64(1.0))"
654.1998430140592,398.7385902321726,4,0,0,0,0,1,0,0,0,0.0,0.0,0.0,0.0,1.0,0.0,0.0,0.0,19.631305670119083,4.728674997984762,1.3813189752358783,0.984373854373149,"(np.float64(0.17254901960784313), np.float64(0.6274509803921569), np.float64(0.17254901960784313), np.float64(1.0))"
667.8727975517866,398.2020486457396,4,0,0,0,0,1,0,0,0,0.0,0.0,0.0,0.0,1.0,0.0,0.0,0.0,26.952707146166933,-3.1662137290241694,5.14814384260742,1.0519556161468824,"(np.float64(0.17254901960784313), np.float64(0.6274509803921569), np.float64(0.17254901960784313), np.float64(1.0))"
686.1906152134814,399.27410292259685,4,0,0,0,0,1,0,0,0,0.0,0.0,0.0,0.0,1.0,0.0,0.0,0.0,16.54247473821252,7.32179906068382,0.9764037409271394,1.003177644131956,"(np.float64(0.17254901960784313), np.float64(0.6274509803921569), np.float64(0.17254901960784313), np.float64(1.0))"
694.640208891897,399.503829225873,4,0,0,0,0,1,0,0,0,0.0,0.0,0.0,0.0,1.0,0.0,0.0,0.0,15.247484862370213,8.724160987274507,2.1835767237909787,1.0461280974024467,"(np.float64(0.17254901960784313), np.float64(0.6274509803921569), np.float64(0.17254901960784313), np.float64(1.0))"
